Source,eType,Target,Time,Weight,SourceLocation,TargetLocation,SourceLatitude,SourceLongitude,TargetLatitude,TargetLongitude
574136,2,657187,1991785,633,,,,,,
557387,0,574136,29934736,1,,,,,,
635193,1,574136,9210880,1,3,4,-24.331,-110.742,-1.6001,-161.631
621729,1,574136,17573550,1,4,4,1.75405,-165.447,-1.6001,-161.631
630745,0,574136,30248414,1,,,,,,
639882,0,574136,812170,1,,,,,,
569091,0,574136,4514441,1,,,,,,
527660,1,574136,29578338,1,4,4,-2.6912,-169.463,-1.6001,-161.631
553602,1,574136,18318465,1,2,4,-24.7474,91.7738,-1.6001,-161.631
493968,1,574136,20673643,1,0,4,29.9616,-43.0662,-1.6001,-161.631
585500,0,574136,18215874,1,,,,,,
466507,0,574136,13870972,1,,,,,,
582549,1,574136,19101990,1,1,4,-26.7696,-15.83,-1.6001,-161.631
459521,1,574136,27313843,1,0,4,34.3982,-38.4796,-1.6001,-161.631
608186,0,574136,1233022,1,,,,,,
485076,0,574136,10805639,1,,,,,,
558025,1,574136,30190170,1,4,4,-0.655305,-164.76,-1.6001,-161.631
481849,1,574136,30190170,1,3,4,-24.3168,-111.105,-1.6001,-161.631
516098,1,574136,2511021,1,2,4,-22.3231,90.2102,-1.6001,-161.631
581835,1,574136,785534,1,1,4,-25.388,-15.1947,-1.6001,-161.631
466503,1,574136,24862946,1,1,4,-31.482,-13.4064,-1.6001,-161.631
548767,0,574136,14695842,1,,,,,,
491943,1,574136,5012296,1,0,4,29.1769,-39.332,-1.6001,-161.631
492885,0,574136,10886400,1,,,,,,
504776,1,574136,7259295,1,3,4,-24.1382,-111.462,-1.6001,-161.631
575280,0,574136,15571214,1,,,,,,
546631,0,574136,13076651,1,,,,,,
587996,0,574136,30093615,1,,,,,,
542757,0,574136,8737259,1,,,,,,
490544,1,574136,19117974,1,0,4,31.6573,-39.5923,-1.6001,-161.631
629384,0,574136,29744411,1,,,,,,
611840,0,574136,20692525,1,,,,,,
549882,0,574136,12398093,1,,,,,,
652735,1,574136,30291706,1,3,4,-24.9628,-111.023,-1.6001,-161.631
579305,1,574136,9808604,1,0,4,39.8886,-41.778,-1.6001,-161.631
616775,1,574136,24897013,1,2,4,-21.6124,87.4416,-1.6001,-161.631
468355,1,574136,1664165,1,5,4,22.9821,155.745,-1.6001,-161.631
584453,0,574136,8295499,1,,,,,,
622720,1,574136,1773646,1,0,4,28.303,-40.54,-1.6001,-161.631
657007,0,574136,7520632,1,,,,,,
469993,0,574136,12882423,1,,,,,,
508308,1,574136,16692022,1,0,4,31.3369,-43.255,-1.6001,-161.631
572345,0,574136,12216731,1,,,,,,
615860,0,574136,2806002,1,,,,,,
648343,1,574136,12474039,1,0,4,30.0996,-41.3104,-1.6001,-161.631
508047,1,574136,29363591,1,2,4,-19.2379,89.7374,-1.6001,-161.631
506742,1,574136,29912819,1,3,4,-24.368,-110.974,-1.6001,-161.631
531290,0,574136,14692692,1,,,,,,
518063,1,574136,9945315,1,4,4,-1.46913,-163.657,-1.6001,-161.631
654316,0,574136,3543497,1,,,,,,
506620,0,574136,3807611,1,,,,,,
535703,1,574136,10899616,1,1,4,-27.7577,-13.1854,-1.6001,-161.631
518684,1,574136,21604146,1,4,4,-3.01742,-165.639,-1.6001,-161.631
593340,0,574136,23415035,1,,,,,,
470271,1,574136,14729317,1,3,4,-25.0659,-111.565,-1.6001,-161.631
530108,0,574136,6839895,1,,,,,,
513991,1,574136,24666214,1,4,4,-4.96252,-157.23,-1.6001,-161.631
613427,1,574136,12450388,1,3,4,-25.6149,-111.219,-1.6001,-161.631
601999,1,574136,11635946,1,3,4,-25.4707,-110.493,-1.6001,-161.631
467449,1,574136,11635946,1,2,4,-22.959,90.2035,-1.6001,-161.631
500337,1,574136,3728194,1,2,4,-19.2638,88.5305,-1.6001,-161.631
566538,1,574136,16025392,1,0,4,34.2512,-42.3777,-1.6001,-161.631
543306,1,574136,14869083,1,5,4,20.0924,156.663,-1.6001,-161.631
485204,1,574136,20540652,1,2,4,-23.8558,89.4801,-1.6001,-161.631
619713,0,574136,25148749,1,,,,,,
487889,1,574136,2111919,1,0,4,30.1307,-35.6457,-1.6001,-161.631
642776,1,574136,15530586,1,4,4,9.45344,-163.111,-1.6001,-161.631
542356,1,574136,16618535,1,0,4,34.9187,-41.5807,-1.6001,-161.631
497602,1,574136,2350459,1,3,4,-24.5287,-110.722,-1.6001,-161.631
525034,1,574136,15828537,1,4,4,-5.07772,-168.054,-1.6001,-161.631
612928,1,574136,25335385,1,2,4,-22.4207,94.0868,-1.6001,-161.631
569415,0,574136,26411330,1,,,,,,
642243,0,574136,2506499,1,,,,,,
531222,1,574136,15066047,1,1,4,-25.2938,-11.3133,-1.6001,-161.631
600653,1,574136,28689153,1,4,4,0.141748,-166.935,-1.6001,-161.631
552657,0,574136,14696645,1,,,,,,
536600,0,574136,7291921,1,,,,,,
609563,0,574136,13936334,1,,,,,,
490658,1,574136,21094222,1,0,4,42.7476,-44.2362,-1.6001,-161.631
562175,1,574136,22833159,1,5,4,22.3401,155.911,-1.6001,-161.631
547529,1,574136,22243484,1,5,4,19.273,154.451,-1.6001,-161.631
633463,0,574136,22756240,1,,,,,,
564907,0,574136,4068016,1,,,,,,
486926,1,574136,25354120,1,5,4,23.0847,157.174,-1.6001,-161.631
653992,1,574136,13861765,1,2,4,-23.6033,92.6656,-1.6001,-161.631
572070,0,574136,7393039,1,,,,,,
587407,1,574136,20252446,1,4,4,-5.39693,-165.474,-1.6001,-161.631
493469,1,574136,11258694,1,0,4,31.0547,-36.9256,-1.6001,-161.631
585412,1,574136,6753939,1,5,4,20.3737,153.954,-1.6001,-161.631
511642,0,574136,25935619,1,,,,,,
539800,0,574136,6176935,1,,,,,,
469862,0,574136,5112056,1,,,,,,
501571,1,574136,19359869,1,0,4,29.6601,-38.4619,-1.6001,-161.631
458807,1,574136,8662334,1,4,4,-3.06077,-165.743,-1.6001,-161.631
557587,0,574136,10035769,1,,,,,,
525557,1,574136,23848589,1,4,4,-2.1401,-162.659,-1.6001,-161.631
529740,0,574136,1923509,1,,,,,,
511580,0,574136,6102095,1,,,,,,
597038,1,574136,25843010,1,1,4,-28.8126,-10.5784,-1.6001,-161.631
636044,0,574136,16620482,1,,,,,,
559234,1,574136,17415145,1,3,4,-25.0617,-111.24,-1.6001,-161.631
593577,0,574136,16616546,1,,,,,,
478902,1,574136,19568211,1,3,4,-24.9253,-110.182,-1.6001,-161.631
584246,0,574136,20234164,1,,,,,,
535337,1,574136,28180334,1,3,4,-25.6812,-111.17,-1.6001,-161.631
566572,1,574136,4002834,1,4,4,1.16802,-166.338,-1.6001,-161.631
582823,1,574136,1991785,1,3,4,-24.3032,-111.649,-1.6001,-161.631
458381,1,574136,29900330,1,4,4,0.819116,-163,-1.6001,-161.631
601557,0,574136,274353,1,,,,,,
647959,1,574136,18866894,1,1,4,-31.5273,-13.0123,-1.6001,-161.631
580440,0,574136,7439446,1,,,,,,
545178,0,574136,23266820,1,,,,,,
579862,1,574136,2349604,1,4,4,0.458768,-166.268,-1.6001,-161.631
628845,1,574136,17122356,1,5,4,24.4526,153.36,-1.6001,-161.631
634415,0,574136,24808536,1,,,,,,
631173,0,574136,26633878,1,,,,,,
600539,0,574136,8152233,1,,,,,,
631594,0,574136,16937692,1,,,,,,
608849,1,574136,24084756,1,4,4,5.57058,-161.249,-1.6001,-161.631
541386,1,574136,5909901,1,0,4,30.0267,-40.777,-1.6001,-161.631
522556,1,574136,13053041,1,5,4,21.2001,153.716,-1.6001,-161.631
588432,1,574136,29814652,1,4,4,-0.907002,-166.918,-1.6001,-161.631
583006,1,574136,23084423,1,5,4,20.157,158.897,-1.6001,-161.631
492156,1,574136,30880098,1,2,4,-18.2842,92.9286,-1.6001,-161.631
457210,1,574136,25061909,1,2,4,-21.1992,89.8124,-1.6001,-161.631
471522,0,574136,25061909,1,,,,,,
597072,1,574136,2610512,1,3,4,-24.3271,-111.141,-1.6001,-161.631
487349,1,574136,1139090,1,3,4,-24.959,-112.07,-1.6001,-161.631
652820,1,574136,16341643,1,0,4,34.8053,-41.7357,-1.6001,-161.631
507900,0,574136,440862,1,,,,,,
611041,0,574136,1961315,1,,,,,,
565571,1,574136,10978274,1,3,4,-25.2833,-111.344,-1.6001,-161.631
546766,0,574136,30846769,1,,,,,,
635770,0,574136,29497388,1,,,,,,
458527,0,574136,27650973,1,,,,,,
519358,1,574136,532333,1,3,4,-25.0269,-111.149,-1.6001,-161.631
516329,0,574136,1595769,1,,,,,,
646380,0,574136,26183077,1,,,,,,
465007,0,574136,15123945,1,,,,,,
589329,1,574136,16081942,1,3,4,-25.5527,-111.09,-1.6001,-161.631
495877,1,574136,3110414,1,5,4,20.1855,151.373,-1.6001,-161.631
588990,1,574136,8054456,1,3,4,-24.6671,-111.635,-1.6001,-161.631
596193,1,574136,13514056,1,2,4,-17.1099,90.7971,-1.6001,-161.631
610896,1,574136,13656016,1,5,4,23.2803,154.382,-1.6001,-161.631
614999,1,574136,10034955,1,4,4,5.2342,-173.258,-1.6001,-161.631
468976,1,574136,28870210,1,2,4,-24.1769,89.1728,-1.6001,-161.631
459302,0,574136,8908237,1,,,,,,
527079,0,574136,12998192,1,,,,,,
504817,0,574136,25056016,1,,,,,,
559559,1,574136,9550232,1,1,4,-29.7401,-13.7413,-1.6001,-161.631
559427,1,574136,12197551,1,3,4,-24.5113,-110.863,-1.6001,-161.631
552274,1,574136,2820244,1,2,4,-19.1715,92.5432,-1.6001,-161.631
579356,0,574136,18058019,1,,,,,,
604186,1,574136,12962667,1,2,4,-20.6912,88.7939,-1.6001,-161.631
571035,1,574136,3898276,1,0,4,34.5708,-44.5454,-1.6001,-161.631
519909,0,574136,18321366,1,,,,,,
565909,0,574136,130900,1,,,,,,
518911,0,574136,11349383,1,,,,,,
518144,0,574136,22223567,1,,,,,,
498380,0,574136,13827282,1,,,,,,
650939,1,574136,28265039,1,4,4,4.12373,-166.297,-1.6001,-161.631
588069,1,574136,14011231,1,4,4,1.26866,-164.463,-1.6001,-161.631
538083,1,574136,24077570,1,0,4,33.2754,-43.1505,-1.6001,-161.631
578707,0,574136,11864168,1,,,,,,
468127,1,574136,7098277,1,1,4,-29.7471,-13.0579,-1.6001,-161.631
636115,0,574136,8406751,1,,,,,,
610391,0,574136,26703850,1,,,,,,
610177,0,574136,18586316,1,,,,,,
516259,1,574136,5383834,1,0,4,37.5327,-40.9442,-1.6001,-161.631
485469,1,574136,19199571,1,4,4,-1.74666,-172.533,-1.6001,-161.631
518173,0,574136,28858401,1,,,,,,
528986,0,574136,9807717,1,,,,,,
492609,0,574136,3463566,1,,,,,,
526848,0,574136,25682446,1,,,,,,
561301,1,574136,28296032,1,4,4,-0.157025,-162.681,-1.6001,-161.631
620085,0,574136,21262519,1,,,,,,
632432,1,574136,23166915,1,0,4,32.5003,-42.4603,-1.6001,-161.631
546619,0,574136,20164914,1,,,,,,
521471,1,574136,22908532,1,0,4,36.8543,-38.5242,-1.6001,-161.631
653440,0,574136,2607966,1,,,,,,
646371,1,574136,5392465,1,4,4,4.51816,-164.925,-1.6001,-161.631
486380,0,574136,10568671,1,,,,,,
503388,0,574136,24038979,1,,,,,,
514661,0,574136,21947624,1,,,,,,
476051,1,574136,20915523,1,4,4,-0.168902,-170.453,-1.6001,-161.631
581327,0,574136,1225209,1,,,,,,
527665,1,574136,25249366,1,4,4,1.88941,-167.751,-1.6001,-161.631
565818,0,574136,4887641,1,,,,,,
610224,0,574136,5445615,1,,,,,,
546540,0,574136,3238927,1,,,,,,
474402,0,574136,28945466,1,,,,,,
508433,1,574136,21357040,1,0,4,39.4788,-42.3849,-1.6001,-161.631
542656,0,574136,4351370,1,,,,,,
533961,1,574136,16551045,1,0,4,36.569,-39.0624,-1.6001,-161.631
580621,1,574136,31213964,1,2,4,-21.4214,89.6949,-1.6001,-161.631
457095,1,574136,6937239,1,4,4,7.58388,-162.028,-1.6001,-161.631
479291,1,574136,20492442,1,5,4,23.5783,156.102,-1.6001,-161.631
652535,0,574136,1055169,1,,,,,,
512463,1,574136,19875775,1,3,4,-23.7578,-111.727,-1.6001,-161.631
602415,1,574136,16621925,1,4,4,-3.52558,-168.355,-1.6001,-161.631
536204,0,574136,18679619,1,,,,,,
561920,0,574136,9042358,1,,,,,,
616321,0,574136,30707721,1,,,,,,
514946,1,574136,14365535,1,5,4,21.0011,157.015,-1.6001,-161.631
472152,1,574136,15727725,1,3,4,-24.812,-111.865,-1.6001,-161.631
652137,0,574136,2526505,1,,,,,,
642001,1,574136,10456947,1,3,4,-24.4104,-111.018,-1.6001,-161.631
624886,1,574136,15553012,1,4,4,0.43437,-162.367,-1.6001,-161.631
535607,0,574136,15466721,1,,,,,,
646733,0,574136,8305257,1,,,,,,
503648,1,574136,924220,1,0,4,35.9838,-39.4095,-1.6001,-161.631
569812,1,574136,6741888,1,4,4,5.36263,-165.487,-1.6001,-161.631
628723,1,574136,14471712,1,0,4,38.7225,-46.8416,-1.6001,-161.631
524564,1,574136,17458616,1,5,4,20.3586,157.917,-1.6001,-161.631
545421,0,574136,10560532,1,,,,,,
513818,1,574136,11866446,1,1,4,-26.1243,-12.1201,-1.6001,-161.631
493700,1,574136,14370168,1,1,4,-30.6036,-7.63321,-1.6001,-161.631
557311,0,574136,16692019,1,,,,,,
600179,0,574136,25341163,1,,,,,,
494987,1,574136,7194250,1,4,4,2.05373,-166.506,-1.6001,-161.631
478130,1,574136,6829683,1,4,4,-0.255667,-161.325,-1.6001,-161.631
654905,1,574136,19197726,1,4,4,1.42752,-167.602,-1.6001,-161.631
554656,0,574136,20856478,1,,,,,,
613408,1,574136,25836032,1,2,4,-20.8801,92.2697,-1.6001,-161.631
483429,1,574136,16780923,1,4,4,-0.86517,-163.184,-1.6001,-161.631
648915,0,574136,16084122,1,,,,,,
590427,1,574136,22655551,1,0,4,34.5155,-42.3234,-1.6001,-161.631
536277,0,574136,6495172,1,,,,,,
604705,1,574136,11325438,1,4,4,6.89422,-163.087,-1.6001,-161.631
574742,1,574136,12472434,1,5,4,17.7607,157.804,-1.6001,-161.631
593045,0,574136,11356201,1,,,,,,
539029,1,574136,23251855,1,2,4,-20.2248,89.4535,-1.6001,-161.631
657533,1,574136,16004622,1,3,4,-25.1942,-110.701,-1.6001,-161.631
492822,1,574136,5253333,1,2,4,-25.0457,95.0766,-1.6001,-161.631
518777,0,574136,5114144,1,,,,,,
569682,1,574136,17971975,1,1,4,-28.6459,-13.7026,-1.6001,-161.631
523650,1,574136,28891239,1,0,4,35.4406,-41.236,-1.6001,-161.631
464167,1,574136,16254632,1,0,4,33.6951,-45.2741,-1.6001,-161.631
525224,0,574136,4695879,1,,,,,,
636366,1,574136,5875961,1,2,4,-21.7957,89.8629,-1.6001,-161.631
626174,0,574136,5800108,1,,,,,,
605240,1,574136,3131280,1,0,4,26.5234,-44.5425,-1.6001,-161.631
463273,1,574136,4061523,1,5,4,22.2403,154.266,-1.6001,-161.631
650098,0,574136,22213257,1,,,,,,
463546,1,574136,20995928,1,2,4,-22.538,90.725,-1.6001,-161.631
480543,0,574136,24562127,1,,,,,,
504471,0,574136,11684164,1,,,,,,
608605,1,574136,10112637,1,0,4,23.1062,-40.7752,-1.6001,-161.631
510318,1,574136,10578604,1,4,4,0.473053,-161.453,-1.6001,-161.631
594233,1,574136,3844463,1,4,4,2.90552,-169.358,-1.6001,-161.631
531247,0,574136,25190745,1,,,,,,
622019,1,574136,26791681,1,0,4,33.8265,-45.3529,-1.6001,-161.631
512903,0,574136,261734,1,,,,,,
654272,0,574136,12652570,1,,,,,,
546392,1,574136,24550218,1,1,4,-27.2732,-12.6009,-1.6001,-161.631
648286,1,574136,12710544,1,4,4,4.21058,-160.323,-1.6001,-161.631
592545,1,574136,12967303,1,5,4,25.2432,154.516,-1.6001,-161.631
638212,1,574136,23191518,1,4,4,-1.73973,-169.308,-1.6001,-161.631
543837,0,574136,9261923,1,,,,,,
517211,0,574136,26628551,1,,,,,,
592418,1,574136,23769293,1,0,4,39.0774,-42.0651,-1.6001,-161.631
555641,1,574136,6748816,1,1,4,-28.1319,-12.6752,-1.6001,-161.631
464786,1,574136,18277374,1,4,4,2.61516,-161.055,-1.6001,-161.631
574222,1,574136,22399692,1,5,4,21.6913,158.493,-1.6001,-161.631
540144,1,574136,13060249,1,0,4,32.4067,-33.5918,-1.6001,-161.631
548425,0,574136,28299299,1,,,,,,
611636,1,574136,4186818,1,0,4,28.6493,-32.9043,-1.6001,-161.631
489655,1,574136,14352322,1,1,4,-29.3914,-10.7147,-1.6001,-161.631
631705,1,574136,27769806,1,0,4,32.7423,-46.3337,-1.6001,-161.631
633043,0,574136,8472496,1,,,,,,
645859,0,574136,30043482,1,,,,,,
638500,1,574136,19701569,1,2,4,-20.1902,87.4678,-1.6001,-161.631
646310,0,574136,10636591,1,,,,,,
577411,1,574136,23141938,1,5,4,17.7334,153.318,-1.6001,-161.631
651844,1,574136,23266135,1,0,4,35.3869,-42.7877,-1.6001,-161.631
632071,0,574136,8488832,1,,,,,,
626959,0,574136,25057721,1,,,,,,
577093,1,574136,26477910,1,0,4,30.9079,-41.0048,-1.6001,-161.631
602927,1,574136,18934109,1,1,4,-30.2567,-18.5627,-1.6001,-161.631
498308,1,574136,24488647,1,1,4,-33.3609,-12.7125,-1.6001,-161.631
551369,1,574136,19442110,1,0,4,35.2869,-40.3954,-1.6001,-161.631
645912,1,574136,6260611,1,2,4,-23.0912,88.4613,-1.6001,-161.631
588046,0,574136,10678520,1,,,,,,
571244,1,574136,9343513,1,2,4,-23.3641,91.0828,-1.6001,-161.631
647045,1,574136,8095921,1,0,4,25.514,-37.8537,-1.6001,-161.631
570326,1,574136,31209900,1,4,4,0.0645844,-162.117,-1.6001,-161.631
596803,1,574136,22326533,1,3,4,-25.0403,-110.42,-1.6001,-161.631
523820,1,574136,12536646,1,1,4,-33.6508,-9.46951,-1.6001,-161.631
464588,0,574136,24371696,1,,,,,,
618067,1,574136,15094022,1,4,4,-2.7996,-168.998,-1.6001,-161.631
632676,0,574136,7005409,1,,,,,,
537407,0,574136,25578265,1,,,,,,
522030,0,574136,26973045,1,,,,,,
538543,0,574136,12052381,1,,,,,,
479348,0,574136,17655310,1,,,,,,
651278,0,574136,30638554,1,,,,,,
654116,1,574136,11499895,1,3,4,-24.5141,-111.338,-1.6001,-161.631
542346,1,574136,13937432,1,4,4,6.81338,-166.725,-1.6001,-161.631
515734,1,574136,15237613,1,2,4,-21.2161,87.9478,-1.6001,-161.631
512733,1,574136,20995935,1,3,4,-25.9886,-110.95,-1.6001,-161.631
529432,1,574136,17378989,1,5,4,25.7092,154.773,-1.6001,-161.631
499791,0,574136,18357355,1,,,,,,
647707,1,574136,15465655,1,3,4,-24.6949,-111.038,-1.6001,-161.631
526018,1,574136,14274922,1,4,4,0.0356582,-166.569,-1.6001,-161.631
533595,1,574136,25875761,1,3,4,-25.0841,-110.247,-1.6001,-161.631
567819,1,574136,10479519,1,2,4,-25.6661,89.932,-1.6001,-161.631
637178,0,574136,8825443,1,,,,,,
630249,1,574136,4929123,1,1,4,-30.8873,-15.1895,-1.6001,-161.631
604916,1,574136,12395542,1,0,4,34.7157,-39.1401,-1.6001,-161.631
477800,0,574136,18147058,1,,,,,,
478078,1,574136,26967408,1,0,4,37.4225,-38.4488,-1.6001,-161.631
611137,0,574136,20580859,1,,,,,,
560586,0,574136,9419063,1,,,,,,
617380,0,574136,9419063,1,,,,,,
528102,1,574136,23107811,1,4,4,6.16562,-161.951,-1.6001,-161.631
525817,1,574136,23107811,1,2,4,-23.1421,90.1321,-1.6001,-161.631
590753,1,574136,9164923,1,1,4,-24.4022,-11.1138,-1.6001,-161.631
552662,0,574136,14353379,1,,,,,,
519682,1,574136,11877135,1,3,4,-25.1795,-110.748,-1.6001,-161.631
630743,1,574136,14174332,1,3,4,-25.095,-111.477,-1.6001,-161.631
529940,0,574136,15987410,1,,,,,,
565347,0,574136,26724533,1,,,,,,
601455,1,574136,23785238,1,0,4,34.3043,-35.7529,-1.6001,-161.631
507044,0,574136,6848286,1,,,,,,
600869,1,574136,28970676,1,0,4,33.1702,-43.5981,-1.6001,-161.631
643936,1,574136,4608632,1,1,4,-32.0204,-12.1739,-1.6001,-161.631
484846,1,574136,3465707,1,0,4,32.9587,-38.9718,-1.6001,-161.631
503660,1,574136,21792298,1,1,4,-31.8268,-14.2062,-1.6001,-161.631
511588,1,574136,25757295,1,3,4,-24.2579,-110.66,-1.6001,-161.631
531593,0,574136,28870236,1,,,,,,
502527,1,574136,22468808,1,2,4,-23.9224,90.1427,-1.6001,-161.631
471658,0,574136,1125766,1,,,,,,
523124,0,574136,23944530,1,,,,,,
644408,0,574136,13652774,1,,,,,,
496449,0,574136,27828408,1,,,,,,
641367,0,574136,14458494,1,,,,,,
573793,1,574136,12712828,1,0,4,34.8583,-43.6963,-1.6001,-161.631
620822,1,574136,3479971,1,3,4,-25.2604,-110.645,-1.6001,-161.631
467163,0,574136,10465577,1,,,,,,
638428,1,574136,16090401,1,3,4,-26.1761,-111.511,-1.6001,-161.631
573559,0,574136,9554928,1,,,,,,
541699,1,574136,12573252,1,0,4,38.8193,-38.166,-1.6001,-161.631
514312,1,574136,3908593,1,0,4,35.0957,-46.1228,-1.6001,-161.631
530985,0,574136,2787502,1,,,,,,
619881,0,574136,4234109,1,,,,,,
601020,1,574136,8838025,1,5,4,24.2616,159.152,-1.6001,-161.631
476501,1,574136,31060956,1,2,4,-24.6927,91.3174,-1.6001,-161.631
466710,0,574136,1900818,1,,,,,,
533651,1,574136,4758292,1,5,4,22.2685,156.739,-1.6001,-161.631
515806,1,574136,15999608,1,2,4,-21.8864,90.0388,-1.6001,-161.631
564688,1,574136,6230425,1,1,4,-31.7178,-13.9175,-1.6001,-161.631
586904,0,574136,23517999,1,,,,,,
568386,0,574136,3025252,1,,,,,,
546934,0,574136,29203976,1,,,,,,
606123,0,574136,28745295,1,,,,,,
582676,0,574136,13947386,1,,,,,,
535069,1,574136,8899223,1,2,4,-24.6832,92.4128,-1.6001,-161.631
536912,0,574136,21444881,1,,,,,,
531509,1,574136,3226469,1,0,4,37.0358,-35.5103,-1.6001,-161.631
638058,1,574136,14276653,1,2,4,-22.6459,90.1084,-1.6001,-161.631
490841,0,574136,3558017,1,,,,,,
520084,0,574136,6780602,1,,,,,,
569536,0,574136,11420365,1,,,,,,
626598,1,574136,16386847,1,0,4,36.0599,-40.4957,-1.6001,-161.631
608129,0,574136,13002524,1,,,,,,
606457,0,574136,25748014,1,,,,,,
504688,1,574136,8213499,1,1,4,-29.2716,-9.46028,-1.6001,-161.631
642523,0,574136,8408393,1,,,,,,
574655,0,574136,12632346,1,,,,,,
627868,0,574136,21264960,1,,,,,,
575223,1,574136,6936052,1,3,4,-24.2328,-111.255,-1.6001,-161.631
624907,0,574136,4507929,1,,,,,,
499356,0,574136,12614425,1,,,,,,
631362,0,574136,23515320,1,,,,,,
596303,1,574136,11069690,1,4,4,2.0222,-165.398,-1.6001,-161.631
580194,1,574136,14807166,1,5,4,21.2347,155.976,-1.6001,-161.631
543429,0,574136,23414446,1,,,,,,
527550,0,574136,7693217,1,,,,,,
464618,0,574136,22989310,1,,,,,,
535232,1,574136,10629195,1,0,4,36.5925,-37.9357,-1.6001,-161.631
499626,1,574136,31207011,1,2,4,-24.6676,90.0675,-1.6001,-161.631
495264,1,574136,30955248,1,1,4,-24.6539,-11.4787,-1.6001,-161.631
524804,0,574136,4325523,1,,,,,,
591537,1,574136,3206168,1,0,4,31.1753,-48.9094,-1.6001,-161.631
494117,1,574136,26364963,1,0,4,31.1495,-42.9106,-1.6001,-161.631
515753,0,574136,16251851,1,,,,,,
473160,1,574136,19874913,1,3,4,-25.1231,-110.615,-1.6001,-161.631
578978,1,574136,29316537,1,2,4,-23.259,87.3144,-1.6001,-161.631
593463,1,574136,17061846,1,4,4,3.71622,-163.842,-1.6001,-161.631
639804,1,574136,14003530,1,4,4,-0.403482,-170.815,-1.6001,-161.631
653015,1,574136,25253021,1,2,4,-19.8308,91.9701,-1.6001,-161.631
494004,0,574136,8754937,1,,,,,,
468056,0,574136,28187878,1,,,,,,
600416,0,574136,26017960,1,,,,,,
512428,0,574136,17073276,1,,,,,,
612106,1,574136,27610348,1,4,4,3.4514,-166.336,-1.6001,-161.631
515552,0,574136,26028031,1,,,,,,
534977,1,574136,29382153,1,3,4,-24.4052,-111.509,-1.6001,-161.631
470751,1,574136,23595898,1,1,4,-32.3475,-8.34215,-1.6001,-161.631
567913,0,574136,21206303,1,,,,,,
482002,1,574136,3892350,1,0,4,31.674,-38.6778,-1.6001,-161.631
504611,0,574136,18679720,1,,,,,,
563086,1,574136,8329698,1,3,4,-24.8293,-111.482,-1.6001,-161.631
586003,1,574136,9506198,1,4,4,4.81449,-166.739,-1.6001,-161.631
600618,0,574136,17379761,1,,,,,,
652838,0,574136,26011805,1,,,,,,
533787,0,574136,18702034,1,,,,,,
571137,0,574136,6416294,1,,,,,,
594643,0,574136,30938188,1,,,,,,
637818,0,574136,23815870,1,,,,,,
531591,1,574136,13840793,1,0,4,37.2975,-37.9596,-1.6001,-161.631
478095,0,574136,20290225,1,,,,,,
524596,1,574136,9267633,1,4,4,2.93208,-164.076,-1.6001,-161.631
518651,1,574136,13500748,1,0,4,27.172,-38.286,-1.6001,-161.631
620408,0,574136,22243736,1,,,,,,
573998,0,574136,15760488,1,,,,,,
620625,0,574136,866655,1,,,,,,
649648,0,574136,16096174,1,,,,,,
496832,1,574136,24201636,1,4,4,2.93363,-164.956,-1.6001,-161.631
504030,0,574136,14610183,1,,,,,,
590959,0,574136,16252611,1,,,,,,
508659,0,574136,23073443,1,,,,,,
610000,0,574136,7864245,1,,,,,,
649891,0,574136,25164116,1,,,,,,
615015,0,574136,5644129,1,,,,,,
599667,0,574136,4583149,1,,,,,,
500751,1,574136,2175615,1,4,4,2.04168,-161.389,-1.6001,-161.631
555433,0,574136,12103209,1,,,,,,
607409,1,574136,29490510,1,2,4,-22.1621,88.6104,-1.6001,-161.631
481261,1,574136,8503866,1,5,4,23.5894,156.429,-1.6001,-161.631
483793,1,574136,18404132,1,0,4,32.5707,-40.3345,-1.6001,-161.631
556126,0,574136,3742302,1,,,,,,
592182,0,574136,25426836,1,,,,,,
595516,1,574136,15993006,1,4,4,-1.17215,-165.216,-1.6001,-161.631
508969,0,574136,26537414,1,,,,,,
628357,0,574136,23539713,1,,,,,,
636946,1,574136,7618258,1,3,4,-25.2033,-110.567,-1.6001,-161.631
472620,1,574136,12799214,1,3,4,-23.6595,-110.857,-1.6001,-161.631
575819,0,574136,23692693,1,,,,,,
652416,0,574136,12367720,1,,,,,,
541050,1,574136,612040,1,4,4,1.93037,-170.265,-1.6001,-161.631
603876,1,574136,4842744,1,0,4,32.6947,-36.5956,-1.6001,-161.631
530087,0,574136,6590429,1,,,,,,
558671,0,574136,26654577,1,,,,,,
568772,0,574136,2021056,1,,,,,,
529645,0,574136,24129381,1,,,,,,
518257,0,574136,2355884,1,,,,,,
473263,0,574136,22727724,1,,,,,,
533992,1,574136,9029334,1,4,4,2.36933,-162.825,-1.6001,-161.631
537099,0,574136,2593838,1,,,,,,
498575,0,574136,14892054,1,,,,,,
637534,0,574136,6223245,1,,,,,,
641505,0,574136,868878,1,,,,,,
630681,1,574136,10487196,1,4,4,-3.0304,-163.343,-1.6001,-161.631
527194,1,574136,10487196,1,0,4,36.9183,-37.2059,-1.6001,-161.631
492796,0,574136,24248110,1,,,,,,
490973,1,574136,3208999,1,5,4,23.9068,156.844,-1.6001,-161.631
516938,1,574136,3208999,1,1,4,-30.2301,-9.79225,-1.6001,-161.631
639319,1,574136,25166884,1,3,4,-25.5969,-110.321,-1.6001,-161.631
529297,0,574136,6075872,1,,,,,,
523395,1,574136,13060816,1,3,4,-24.3443,-110.361,-1.6001,-161.631
635897,0,574136,5131856,1,,,,,,
531421,0,574136,20400141,1,,,,,,
613572,0,574136,7073669,1,,,,,,
574762,0,574136,21870249,1,,,,,,
642711,1,574136,3829690,1,0,4,35.6408,-33.7149,-1.6001,-161.631
499429,1,574136,28193947,1,4,4,0.43921,-166.351,-1.6001,-161.631
599272,0,574136,20664730,1,,,,,,
548527,1,574136,12894481,1,3,4,-24.127,-110.151,-1.6001,-161.631
508513,1,574136,1824177,1,3,4,-24.2756,-111.13,-1.6001,-161.631
575172,1,574136,10386525,1,0,4,27.015,-38.9257,-1.6001,-161.631
524685,0,574136,7289551,1,,,,,,
499535,1,574136,8957215,1,3,4,-25.2733,-111.747,-1.6001,-161.631
654201,1,574136,16163786,1,3,4,-25.617,-110.798,-1.6001,-161.631
530909,0,574136,895243,1,,,,,,
516451,0,574136,11071412,1,,,,,,
485742,0,574136,22467604,1,,,,,,
610996,0,574136,28780053,1,,,,,,
593371,0,574136,3140097,1,,,,,,
516693,0,574136,27486465,1,,,,,,
636377,1,574136,17031077,1,4,4,2.26317,-165.102,-1.6001,-161.631
623229,1,574136,2172432,1,0,4,29.2124,-44.6957,-1.6001,-161.631
544526,0,574136,26271872,1,,,,,,
637301,1,574136,15418983,1,5,4,22.291,153.052,-1.6001,-161.631
641647,1,574136,30354833,1,4,4,3.01842,-164.315,-1.6001,-161.631
586050,1,574136,30354833,1,1,4,-29.7171,-12.2372,-1.6001,-161.631
459219,0,574136,703715,1,,,,,,
517607,1,574136,28719953,1,1,4,-22.926,-12.7098,-1.6001,-161.631
566489,0,574136,27565251,1,,,,,,
497111,0,574136,3214103,1,,,,,,
632529,0,574136,7201494,1,,,,,,
544205,1,574136,16436189,1,2,4,-19.5125,89.6939,-1.6001,-161.631
559505,1,574136,1569623,1,0,4,33.2602,-38.0382,-1.6001,-161.631
539854,0,574136,695140,1,,,,,,
611750,1,574136,963010,1,5,4,21.6956,152.9,-1.6001,-161.631
514158,0,574136,2346713,1,,,,,,
599206,1,574136,8231541,1,3,4,-24.9874,-111.494,-1.6001,-161.631
595658,1,574136,23774703,1,0,4,38.6669,-39.0325,-1.6001,-161.631
560120,0,574136,22475266,1,,,,,,
499938,1,574136,16764691,1,3,4,-24.6618,-111.828,-1.6001,-161.631
573254,0,574136,14000225,1,,,,,,
538687,0,574136,20944159,1,,,,,,
610009,1,574136,28313267,1,5,4,22.3278,160.598,-1.6001,-161.631
573922,1,574136,16102842,1,4,4,2.67175,-168.181,-1.6001,-161.631
614482,0,574136,461003,1,,,,,,
588632,1,574136,30875074,1,3,4,-24.4768,-110.967,-1.6001,-161.631
551495,0,574136,24892454,1,,,,,,
554978,1,574136,28359196,1,3,4,-24.7417,-111.057,-1.6001,-161.631
599943,1,574136,28303207,1,3,4,-24.8546,-111.358,-1.6001,-161.631
621462,0,574136,23607382,1,,,,,,
635910,1,574136,31043550,1,2,4,-18.113,91.7674,-1.6001,-161.631
648214,0,574136,15835704,1,,,,,,
501092,1,574136,622857,1,5,4,24.6512,157.674,-1.6001,-161.631
537326,1,574136,7756896,1,3,4,-25.8118,-110.992,-1.6001,-161.631
595070,1,574136,21082383,1,3,4,-25.1794,-111.937,-1.6001,-161.631
478724,0,574136,20286036,1,,,,,,
642978,1,574136,21613003,1,1,4,-31.5712,-11.5415,-1.6001,-161.631
463909,0,574136,5451005,1,,,,,,
489461,1,574136,28012355,1,5,4,22.5159,154.2,-1.6001,-161.631
631404,0,574136,2002361,1,,,,,,
582177,1,574136,18627045,1,1,4,-29.1397,-11.4485,-1.6001,-161.631
483539,0,574136,9009591,1,,,,,,
647945,1,574136,10197203,1,4,4,-0.37432,-165.819,-1.6001,-161.631
594554,1,574136,16150448,1,4,4,-0.779401,-160.351,-1.6001,-161.631
622452,1,574136,4170736,1,0,4,37.3995,-40.4236,-1.6001,-161.631
600643,1,574136,4842308,1,4,4,-4.22394,-158.924,-1.6001,-161.631
498038,1,574136,1946201,1,4,4,3.65259,-162.479,-1.6001,-161.631
536542,0,574136,15800720,1,,,,,,
532996,1,574136,10671667,1,1,4,-26.6427,-11.4691,-1.6001,-161.631
464943,1,574136,30357398,1,0,4,36.4964,-36.0798,-1.6001,-161.631
469183,0,574136,26910736,1,,,,,,
532543,0,574136,26910736,1,,,,,,
505404,0,574136,20135579,1,,,,,,
572150,1,574136,17280374,1,1,4,-28.2613,-9.48764,-1.6001,-161.631
629036,0,574136,25271672,1,,,,,,
510301,0,574136,14436963,1,,,,,,
596837,1,574136,24301920,1,0,4,32.0908,-40.9643,-1.6001,-161.631
583001,1,574136,889778,1,3,4,-25.722,-111.165,-1.6001,-161.631
481184,1,574136,19018814,1,2,4,-20.4752,90.0634,-1.6001,-161.631
599445,0,574136,15686347,1,,,,,,
482390,0,574136,10628444,1,,,,,,
545164,1,574136,8481635,1,3,4,-24.9465,-110.848,-1.6001,-161.631
557407,0,574136,6312985,1,,,,,,
642085,1,574136,3737037,1,0,4,38.5064,-41.0959,-1.6001,-161.631
608289,0,574136,10629938,1,,,,,,
648724,1,574136,5124168,1,0,4,26.972,-42.0828,-1.6001,-161.631
559758,0,574136,7786555,1,,,,,,
471689,0,574136,25190401,1,,,,,,
560068,1,574136,28282895,1,0,4,42.8945,-43.1051,-1.6001,-161.631
477673,1,574136,25761539,1,4,4,7.44253,-165.947,-1.6001,-161.631
544806,1,574136,25735867,1,0,4,33.2745,-51.9749,-1.6001,-161.631
554616,1,574136,30421454,1,2,4,-24.1407,92.5631,-1.6001,-161.631
572985,0,574136,454332,1,,,,,,
612878,0,574136,11031978,1,,,,,,
640415,0,574136,18962996,1,,,,,,
647501,1,574136,28426573,1,1,4,-27.8284,-13.4581,-1.6001,-161.631
629242,0,574136,13743779,1,,,,,,
466052,1,574136,27656194,1,0,4,30.8225,-43.0045,-1.6001,-161.631
609892,1,574136,2350174,1,4,4,-2.71031,-160.015,-1.6001,-161.631
586807,1,574136,4585490,1,4,4,2.9607,-168.25,-1.6001,-161.631
576987,1,574136,18164181,1,2,4,-23.3181,85.1956,-1.6001,-161.631
598668,0,574136,16623816,1,,,,,,
628790,1,574136,7372822,1,1,4,-29.6252,-14.1366,-1.6001,-161.631
506689,0,574136,13912593,1,,,,,,
574253,1,574136,12639624,1,1,4,-33.132,-13.1189,-1.6001,-161.631
466989,1,574136,1235573,1,2,4,-22.3826,86.0319,-1.6001,-161.631
505239,1,574136,6433224,1,1,4,-28.5423,-15.9991,-1.6001,-161.631
574571,0,574136,19789808,1,,,,,,
528859,0,574136,26965472,1,,,,,,
620725,0,574136,7663231,1,,,,,,
630758,1,574136,7663231,1,4,4,1.21706,-155.599,-1.6001,-161.631
522941,0,574136,20838060,1,,,,,,
616884,0,574136,11924168,1,,,,,,
620255,1,574136,17930433,1,0,4,36.6533,-46.6762,-1.6001,-161.631
632674,0,574136,28957808,1,,,,,,
541850,1,574136,11866350,1,0,4,38.6482,-39.2041,-1.6001,-161.631
578508,1,574136,21288604,1,1,4,-29.6805,-13.5548,-1.6001,-161.631
466705,1,574136,30378286,1,0,4,32.1196,-36.8583,-1.6001,-161.631
492679,1,574136,19101632,1,0,4,33.6857,-39.9353,-1.6001,-161.631
508973,0,574136,4338736,1,,,,,,
479910,1,574136,4773654,1,4,4,0.588138,-164.688,-1.6001,-161.631
473139,0,574136,10846035,1,,,,,,
505857,0,574136,13227142,1,,,,,,
563202,0,574136,15732398,1,,,,,,
598543,1,574136,20532491,1,3,4,-24.8244,-111.388,-1.6001,-161.631
612710,0,574136,12372148,1,,,,,,
594484,0,574136,18161948,1,,,,,,
584715,0,574136,23627546,1,,,,,,
617893,0,574136,8145417,1,,,,,,
653501,0,574136,29301885,1,,,,,,
549084,1,574136,29299741,1,5,4,22.3844,157.584,-1.6001,-161.631
498506,0,574136,30502279,1,,,,,,
606456,0,574136,25976179,1,,,,,,
588904,1,574136,4075962,1,0,4,34.7632,-39.0172,-1.6001,-161.631
644953,0,574136,229017,1,,,,,,
553149,1,574136,16419290,1,4,4,6.34905,-168.062,-1.6001,-161.631
562077,1,574136,17366406,1,0,4,28.6822,-38.5365,-1.6001,-161.631
472345,0,574136,26527967,1,,,,,,
655616,1,574136,27756871,1,1,4,-24.9047,-14.5672,-1.6001,-161.631
529199,1,574136,7778169,1,0,4,32.8382,-41.277,-1.6001,-161.631
595571,1,574136,8401735,1,2,4,-22.9868,93.3194,-1.6001,-161.631
513854,0,574136,874238,1,,,,,,
629150,0,574136,12455674,1,,,,,,
464784,0,574136,6232701,1,,,,,,
483555,1,574136,31108362,1,2,4,-25.7911,92.3448,-1.6001,-161.631
523112,0,574136,25367053,1,,,,,,
628980,1,574136,25758011,1,4,4,-2.05876,-164.382,-1.6001,-161.631
572667,1,574136,16678087,1,2,4,-23.0707,89.8221,-1.6001,-161.631
468840,0,574136,12308711,1,,,,,,
483751,0,574136,208112,1,,,,,,
510641,0,574136,18174621,1,,,,,,
475708,0,574136,26287971,1,,,,,,
619550,0,574136,28611411,1,,,,,,
587142,1,574136,31284387,1,2,4,-22.3475,91.9097,-1.6001,-161.631
652638,0,574136,1441673,1,,,,,,
508566,0,574136,20909131,1,,,,,,
501260,0,574136,18317656,1,,,,,,
553449,1,574136,27993645,1,1,4,-29.3662,-15.6019,-1.6001,-161.631
470528,1,574136,8931612,1,5,4,20.4238,154.096,-1.6001,-161.631
657004,0,574136,24975373,1,,,,,,
520873,1,574136,22916302,1,2,4,-22.2995,87.8395,-1.6001,-161.631
457505,1,574136,7692690,1,1,4,-25.5858,-9.74847,-1.6001,-161.631
540789,0,574136,18320795,1,,,,,,
543636,0,574136,12215942,1,,,,,,
626534,1,574136,29238323,1,3,4,-25.2185,-110.661,-1.6001,-161.631
622899,1,574136,1774755,1,2,4,-24.1714,91.3363,-1.6001,-161.631
628395,0,574136,7726130,1,,,,,,
461437,0,574136,30597339,1,,,,,,
472540,1,574136,9438623,1,0,4,33.6659,-41.893,-1.6001,-161.631
625239,1,574136,28046079,1,3,4,-24.0767,-110.701,-1.6001,-161.631
572830,0,574136,28610426,1,,,,,,
547493,0,574136,19802009,1,,,,,,
465209,1,574136,8387677,1,0,4,26.4767,-39.7501,-1.6001,-161.631
484238,0,574136,6348391,1,,,,,,
603482,0,574136,4493529,1,,,,,,
608750,0,574136,10075370,1,,,,,,
459366,1,574136,31075251,1,3,4,-24.5387,-110.913,-1.6001,-161.631
640181,0,574136,23847718,1,,,,,,
640651,0,574136,12557524,1,,,,,,
578302,0,574136,25868913,1,,,,,,
560340,0,574136,102830,1,,,,,,
649941,1,574136,16416771,1,0,4,35.5105,-41.8348,-1.6001,-161.631
473061,1,574136,29991608,1,3,4,-24.7556,-110.996,-1.6001,-161.631
518246,0,574136,9549416,1,,,,,,
511137,1,574136,9940363,1,3,4,-25.223,-111.189,-1.6001,-161.631
598671,1,574136,15384286,1,0,4,37.4725,-52.3894,-1.6001,-161.631
517096,0,574136,29486808,1,,,,,,
603556,0,574136,15685954,1,,,,,,
583619,1,574136,9511979,1,4,4,2.04,-166.355,-1.6001,-161.631
592844,0,574136,19699227,1,,,,,,
552887,0,574136,26293939,1,,,,,,
650453,0,574136,19886300,1,,,,,,
558409,1,574136,10892451,1,0,4,32.8278,-49.9228,-1.6001,-161.631
525653,0,574136,7327596,1,,,,,,
564218,1,574136,7013542,1,4,4,1.39057,-161.839,-1.6001,-161.631
494848,1,574136,6150618,1,0,4,33.5555,-36.3223,-1.6001,-161.631
567598,0,574136,30538821,1,,,,,,
473944,0,574136,21211235,1,,,,,,
566002,1,574136,1245918,1,1,4,-31.5337,-19.2369,-1.6001,-161.631
624449,1,574136,7178784,1,1,4,-31.1657,-12.0139,-1.6001,-161.631
579237,1,574136,8301252,1,0,4,35.7578,-38.8496,-1.6001,-161.631
510089,1,574136,11332453,1,5,4,24.0309,155.344,-1.6001,-161.631
541191,0,574136,6517455,1,,,,,,
594989,1,574136,20836809,1,1,4,-32.1478,-12.6354,-1.6001,-161.631
543059,1,574136,30958968,1,0,4,34.776,-38.4692,-1.6001,-161.631
511124,1,574136,30772800,1,1,4,-30.3983,-10.4207,-1.6001,-161.631
580494,0,574136,5237602,1,,,,,,
623271,1,574136,29813109,1,5,4,22.2157,159.128,-1.6001,-161.631
484961,1,574136,6248424,1,3,4,-25.2614,-110.706,-1.6001,-161.631
620274,1,574136,11432906,1,1,4,-29.1769,-15.0379,-1.6001,-161.631
519365,0,574136,15567151,1,,,,,,
647217,0,574136,9769833,1,,,,,,
470581,1,574136,12024976,1,2,4,-18.2641,89.5124,-1.6001,-161.631
631411,1,574136,31289459,1,1,4,-33.7543,-13.0776,-1.6001,-161.631
569678,0,574136,15155718,1,,,,,,
496962,0,574136,19407649,1,,,,,,
494508,0,574136,20655328,1,,,,,,
613465,0,574136,24370081,1,,,,,,
599296,1,574136,3735756,1,4,4,0.888247,-166.188,-1.6001,-161.631
508242,1,574136,1847438,1,4,4,0.0456986,-166.97,-1.6001,-161.631
565390,0,574136,12974449,1,,,,,,
521673,1,574136,21982616,1,0,4,39.4571,-48.424,-1.6001,-161.631
615905,1,574136,8762404,1,0,4,29.0949,-48.8312,-1.6001,-161.631
552149,1,574136,8762404,1,0,4,39.0105,-45.4475,-1.6001,-161.631
500089,0,574136,23527342,1,,,,,,
632519,1,574136,823819,1,3,4,-25.7286,-111.144,-1.6001,-161.631
639272,0,574136,9083572,1,,,,,,
557138,1,574136,28636846,1,2,4,-19.156,91.6628,-1.6001,-161.631
477775,1,574136,9343737,1,3,4,-25.0905,-111.298,-1.6001,-161.631
608201,1,574136,4582122,1,5,4,18.0374,154.236,-1.6001,-161.631
595561,0,574136,19447699,1,,,,,,
594368,0,574136,30216252,1,,,,,,
494700,1,574136,5114928,1,2,4,-21.3957,91.3998,-1.6001,-161.631
530857,0,574136,6070631,1,,,,,,
562381,0,574136,25524963,1,,,,,,
590969,1,574136,2138417,1,3,4,-25.2001,-110.584,-1.6001,-161.631
480320,1,574136,27339893,1,5,4,18.9845,154.07,-1.6001,-161.631
652719,1,574136,7197696,1,5,4,24.3001,155.653,-1.6001,-161.631
458640,0,574136,9448836,1,,,,,,
483043,1,574136,2533998,1,3,4,-23.5406,-111.207,-1.6001,-161.631
513193,0,574136,23039457,1,,,,,,
525058,1,574136,7433660,1,3,4,-24.6848,-111.523,-1.6001,-161.631
541608,0,574136,27220677,1,,,,,,
589209,0,574136,6673804,1,,,,,,
584242,0,574136,29656105,1,,,,,,
594468,0,574136,6981319,1,,,,,,
529477,0,574136,23447483,1,,,,,,
618393,1,574136,3588867,1,4,4,-1.98483,-169.471,-1.6001,-161.631
503724,1,574136,23331649,1,1,4,-27.5024,-10.4153,-1.6001,-161.631
473116,0,574136,19268662,1,,,,,,
653783,0,574136,875913,1,,,,,,
462558,0,574136,27668291,1,,,,,,
567640,0,574136,15162162,1,,,,,,
491238,0,574136,30107533,1,,,,,,
468994,1,574136,10890228,1,0,4,31.1935,-48.4171,-1.6001,-161.631
577695,0,574136,10820549,1,,,,,,
470569,1,574136,7171722,1,3,4,-24.7245,-110.814,-1.6001,-161.631
501892,0,574136,28094047,1,,,,,,
590203,0,574136,3288946,1,,,,,,
488621,0,574136,28946443,1,,,,,,
611918,0,574136,11771137,1,,,,,,
501925,1,574136,5124135,1,0,4,33.2381,-38.0671,-1.6001,-161.631
576245,0,574136,8130487,1,,,,,,
558892,0,574136,30092056,1,,,,,,
559906,0,574136,13049567,1,,,,,,
481236,1,574136,19966549,1,4,4,3.43822,-171.295,-1.6001,-161.631
596997,1,574136,13416503,1,1,4,-28.1714,-12.0224,-1.6001,-161.631
565771,0,574136,31069232,1,,,,,,
520042,1,574136,26266100,1,1,4,-28.3014,-10.726,-1.6001,-161.631
507525,1,574136,3283978,1,4,4,5.9046,-163.149,-1.6001,-161.631
467917,0,574136,29818834,1,,,,,,
653529,1,574136,16351237,1,4,4,-2.9103,-168.574,-1.6001,-161.631
484894,0,574136,20319977,1,,,,,,
496493,1,574136,4186083,1,0,4,22.7129,-43.3415,-1.6001,-161.631
645478,1,574136,3932480,1,4,4,-2.79204,-165.873,-1.6001,-161.631
597932,0,574136,11868481,1,,,,,,
484235,0,574136,6309026,1,,,,,,
555103,0,574136,17310753,1,,,,,,
552394,0,574136,19711108,1,,,,,,
634477,0,574136,19711108,1,,,,,,
592745,0,574136,17551139,1,,,,,,
488077,1,574136,9775132,1,4,4,-2.5042,-169.42,-1.6001,-161.631
548662,0,574136,30684485,1,,,,,,
623401,0,574136,2392046,1,,,,,,
463401,0,574136,31110761,1,,,,,,
472365,0,574136,31110761,1,,,,,,
466453,1,574136,102049,1,0,4,35.8931,-37.6936,-1.6001,-161.631
581720,1,574136,20912660,1,3,4,-24.3061,-110.887,-1.6001,-161.631
619482,1,574136,18797421,1,0,4,32.3917,-43.5258,-1.6001,-161.631
527566,0,574136,21445212,1,,,,,,
534160,1,574136,29867293,1,0,4,32.9453,-39.7271,-1.6001,-161.631
577278,1,574136,19102004,1,4,4,-2.69211,-165.92,-1.6001,-161.631
592133,1,574136,22746277,1,1,4,-28.3998,-13.2353,-1.6001,-161.631
583127,1,574136,1240805,1,2,4,-22.1237,95.407,-1.6001,-161.631
526156,1,574136,11760039,1,2,4,-22.2989,89.4807,-1.6001,-161.631
640501,0,574136,29312656,1,,,,,,
510151,1,574136,26311554,1,4,4,-3.07057,-164.034,-1.6001,-161.631
565885,0,574136,18858748,1,,,,,,
585137,1,574136,24129955,1,5,4,22.5366,158.026,-1.6001,-161.631
574574,0,574136,28180710,1,,,,,,
561945,1,574136,12183872,1,4,4,0.0469801,-160.363,-1.6001,-161.631
606918,1,574136,24201600,1,4,4,0.563109,-161.026,-1.6001,-161.631
641881,0,574136,19355402,1,,,,,,
457499,0,574136,28550260,1,,,,,,
625154,1,574136,19811566,1,4,4,4.73386,-160.04,-1.6001,-161.631
515113,1,574136,12183282,1,0,4,29.2722,-44.896,-1.6001,-161.631
622644,1,574136,12244819,1,2,4,-20.0372,93.0282,-1.6001,-161.631
625384,0,574136,12816011,1,,,,,,
644323,1,574136,7863640,1,4,4,-0.692981,-167.079,-1.6001,-161.631
566334,0,574136,15016859,1,,,,,,
647082,0,574136,17799522,1,,,,,,
590391,1,574136,29034619,1,3,4,-25.9374,-111.044,-1.6001,-161.631
518504,1,574136,6504204,1,2,4,-23.5505,93.7022,-1.6001,-161.631
629012,1,574136,25550706,1,0,4,29.4862,-41.9024,-1.6001,-161.631
548260,1,574136,25550706,1,2,4,-23.9808,93.5789,-1.6001,-161.631
569948,1,574136,24203256,1,2,4,-23.0883,90.9553,-1.6001,-161.631
572822,1,574136,22822820,1,2,4,-22.2869,89.9127,-1.6001,-161.631
626530,0,574136,29057412,1,,,,,,
524339,0,574136,17458929,1,,,,,,
476659,1,574136,19530032,1,4,4,-1.98509,-167.927,-1.6001,-161.631
499974,1,574136,5716100,1,3,4,-25.0927,-111.195,-1.6001,-161.631
519277,0,574136,28211543,1,,,,,,
573536,0,574136,7277087,1,,,,,,
640710,0,574136,5482829,1,,,,,,
509695,1,574136,1431157,1,1,4,-28.5181,-14.6181,-1.6001,-161.631
571291,0,574136,2894099,1,,,,,,
491425,1,574136,19064688,1,1,4,-35.382,-14.9061,-1.6001,-161.631
579989,1,574136,27216035,1,2,4,-23.9777,93.5793,-1.6001,-161.631
612503,0,574136,25319905,1,,,,,,
458601,0,574136,10521234,1,,,,,,
499552,1,574136,14536661,1,1,4,-31.7781,-14.5492,-1.6001,-161.631
569693,0,574136,22817193,1,,,,,,
640363,0,574136,6742286,1,,,,,,
501016,1,574136,23337750,1,4,4,1.4667,-164.315,-1.6001,-161.631
595034,0,574136,4336788,1,,,,,,
587843,0,574136,17947515,1,,,,,,
560083,1,574136,28529283,1,4,4,1.57037,-166.446,-1.6001,-161.631
612543,0,574136,13742325,1,,,,,,
568961,1,574136,9850367,1,3,4,-25.1599,-111.631,-1.6001,-161.631
534493,0,574136,19039355,1,,,,,,
514614,0,574136,18585396,1,,,,,,
625161,1,574136,24553832,1,5,4,20.4663,155.499,-1.6001,-161.631
474142,0,574136,723207,1,,,,,,
548760,1,574136,15140192,1,3,4,-24.7941,-110.834,-1.6001,-161.631
607076,0,574136,3743568,1,,,,,,
556701,0,574136,19625373,1,,,,,,
489547,0,574136,5667866,1,,,,,,
526833,1,574136,7356228,1,2,4,-21.6394,91.697,-1.6001,-161.631
647317,0,574136,4810328,1,,,,,,
515145,1,574136,11850753,1,1,4,-32.3652,-19.2981,-1.6001,-161.631
476205,1,574136,9879326,1,1,4,-27.4117,-15.5346,-1.6001,-161.631
647268,0,574136,30777789,1,,,,,,
474860,1,574136,31057397,1,4,4,9.4429,-160.663,-1.6001,-161.631
592496,1,574136,1383288,1,0,4,30.8081,-36.1162,-1.6001,-161.631
474881,1,574136,16187064,1,4,4,-2.2836,-172.186,-1.6001,-161.631
645134,0,574136,16269603,1,,,,,,
632394,0,574136,28557368,1,,,,,,
621189,0,574136,1657803,1,,,,,,
623295,0,574136,16593949,1,,,,,,
600243,0,574136,16762577,1,,,,,,
588583,1,574136,4752046,1,1,4,-31.3109,-8.91938,-1.6001,-161.631
494242,0,574136,28450823,1,,,,,,
592110,0,574136,4359530,1,,,,,,
604495,1,574136,11600290,1,1,4,-31.6839,-8.57119,-1.6001,-161.631
628793,1,574136,4692135,1,0,4,40.3865,-48.0069,-1.6001,-161.631
479174,1,574136,25507470,1,2,4,-24.4945,94.1944,-1.6001,-161.631
581836,1,574136,19190408,1,1,4,-25.1271,-11.7453,-1.6001,-161.631
602855,1,574136,18671070,1,1,4,-26.9148,-12.9668,-1.6001,-161.631
522237,1,574136,3466311,1,0,4,37.0125,-41.1009,-1.6001,-161.631
496664,0,574136,19715214,1,,,,,,
645138,1,574136,20138430,1,4,4,-0.280001,-169.794,-1.6001,-161.631
613984,0,574136,25666574,1,,,,,,
561288,0,574136,19534825,1,,,,,,
494043,1,574136,29812123,1,0,4,31.6091,-39.6556,-1.6001,-161.631
534042,1,574136,5466979,1,4,4,-1.03492,-161.21,-1.6001,-161.631
493406,1,574136,17801518,1,0,4,35.4982,-41.982,-1.6001,-161.631
574760,0,574136,8577058,1,,,,,,
522684,0,574136,22839875,1,,,,,,
594760,0,574136,18500561,1,,,,,,
524162,1,574136,8908253,1,1,4,-26.1744,-15.8311,-1.6001,-161.631
594113,0,574136,27569723,1,,,,,,
482650,0,574136,24303622,1,,,,,,
467684,1,574136,12711612,1,2,4,-24.8172,92.3506,-1.6001,-161.631
493265,1,574136,12214106,1,4,4,3.00578,-162.572,-1.6001,-161.631
557119,1,574136,18667839,1,4,4,0.406745,-163.496,-1.6001,-161.631
623919,1,574136,2167580,1,2,4,-20.9837,90.5864,-1.6001,-161.631
466926,1,574136,2167580,1,0,4,32.8152,-37.546,-1.6001,-161.631
526534,1,574136,734457,1,2,4,-19.7301,94.0084,-1.6001,-161.631
485188,0,574136,26198754,1,,,,,,
599935,1,574136,23718093,1,2,4,-17.0159,92.0895,-1.6001,-161.631
637252,1,574136,28363591,1,0,4,35.7714,-38.6746,-1.6001,-161.631
635351,1,574136,26400974,1,3,4,-24.3411,-111.116,-1.6001,-161.631
491769,1,574136,9178569,1,0,4,29.3893,-35.8988,-1.6001,-161.631
505693,1,574136,5418543,1,0,4,34.4584,-47.1089,-1.6001,-161.631
521638,0,574136,19966987,1,,,,,,
573930,0,574136,19966987,1,,,,,,
600076,1,574136,23679369,1,4,4,-2.30567,-168.228,-1.6001,-161.631
535137,1,574136,10406204,1,1,4,-26.5041,-15.508,-1.6001,-161.631
496573,1,574136,14113612,1,0,4,31.8121,-44.4411,-1.6001,-161.631
520663,1,574136,15190562,1,4,4,4.69093,-168.041,-1.6001,-161.631
486446,0,574136,9181817,1,,,,,,
499569,0,574136,15920256,1,,,,,,
503354,1,574136,11752534,1,0,4,31.7336,-40.6081,-1.6001,-161.631
638823,1,574136,3468763,1,0,4,29.6252,-41.0774,-1.6001,-161.631
460449,0,574136,31056607,1,,,,,,
620471,0,574136,27492363,1,,,,,,
493171,1,574136,11446151,1,2,4,-22.8207,88.8208,-1.6001,-161.631
614429,1,574136,10924854,1,5,4,16.856,159.791,-1.6001,-161.631
511324,0,574136,19911039,1,,,,,,
609293,1,574136,11928069,1,1,4,-29.0656,-14.4875,-1.6001,-161.631
582068,1,574136,18319095,1,5,4,26.7148,155.471,-1.6001,-161.631
470196,1,574136,21967060,1,1,4,-26.849,-14.1508,-1.6001,-161.631
572992,1,574136,8958053,1,2,4,-23.0562,91.1449,-1.6001,-161.631
520278,0,574136,9281537,1,,,,,,
475637,0,574136,14607558,1,,,,,,
648634,0,574136,16623947,1,,,,,,
499787,1,574136,25931122,1,0,4,37.4868,-38.8089,-1.6001,-161.631
589666,0,574136,28857619,1,,,,,,
524053,1,574136,21186902,1,2,4,-21.5388,88.5047,-1.6001,-161.631
649575,1,574136,7183840,1,4,4,1.15008,-163.489,-1.6001,-161.631
556598,1,574136,16972045,1,0,4,31.2361,-45.782,-1.6001,-161.631
576074,0,574136,5625609,1,,,,,,
613581,1,574136,26974248,1,4,4,3.83711,-162.044,-1.6001,-161.631
646493,1,574136,6861653,1,5,4,22.7525,156.768,-1.6001,-161.631
624063,1,574136,22224652,1,3,4,-25.8751,-111.499,-1.6001,-161.631
518033,1,574136,20392497,1,4,4,4.5159,-169.177,-1.6001,-161.631
614587,0,574136,18561436,1,,,,,,
639032,0,574136,7965954,1,,,,,,
535329,1,574136,12876849,1,2,4,-21.35,91.7246,-1.6001,-161.631
541612,0,574136,8680355,1,,,,,,
650894,0,574136,25594970,1,,,,,,
650911,1,574136,4511746,1,3,4,-25.3395,-111.194,-1.6001,-161.631
615438,1,574136,11151337,1,1,4,-31.7216,-9.71304,-1.6001,-161.631
549607,0,574136,3456015,1,,,,,,
508250,0,574136,20151712,1,,,,,,
522226,0,574136,19106142,1,,,,,,
495069,0,574136,21900265,1,,,,,,
604286,0,574136,13309001,1,,,,,,
503059,0,574136,22474196,1,,,,,,
631435,0,574136,29671227,1,,,,,,
457314,1,574136,873856,1,4,4,-6.24185,-167.488,-1.6001,-161.631
622421,0,574136,3482699,1,,,,,,
614355,0,574136,26012650,1,,,,,,
653719,1,574136,5536832,1,2,4,-15.1548,90.0396,-1.6001,-161.631
573023,0,574136,3633873,1,,,,,,
611021,0,574136,29470599,1,,,,,,
526842,1,574136,4181773,1,4,4,2.95204,-166.731,-1.6001,-161.631
617833,0,574136,21024405,1,,,,,,
491003,0,574136,2083731,1,,,,,,
458721,1,574136,2083731,1,4,4,1.48078,-168.47,-1.6001,-161.631
611867,0,574136,12963282,1,,,,,,
485749,0,574136,27186009,1,,,,,,
530023,1,574136,16421427,1,3,4,-24.6059,-110.991,-1.6001,-161.631
602983,0,574136,7470205,1,,,,,,
502777,1,574136,18578549,1,3,4,-25.5113,-110.558,-1.6001,-161.631
616078,1,574136,20312457,1,2,4,-20.393,90.866,-1.6001,-161.631
463365,0,574136,14726173,1,,,,,,
526169,0,574136,15739964,1,,,,,,
591392,0,574136,24982845,1,,,,,,
639916,1,574136,19112920,1,0,4,31.6148,-33.9,-1.6001,-161.631
595644,1,574136,1248516,1,4,4,-6.43599,-160.188,-1.6001,-161.631
604901,0,574136,29898019,1,,,,,,
534482,1,574136,12650121,1,3,4,-25.7859,-110.931,-1.6001,-161.631
651681,0,574136,1837105,1,,,,,,
568649,0,574136,29771200,1,,,,,,
613136,1,574136,7096075,1,0,4,32.8261,-48.6027,-1.6001,-161.631
533016,1,574136,15752167,1,1,4,-30.4323,-17.3431,-1.6001,-161.631
499082,0,574136,1401844,1,,,,,,
584981,1,574136,8588298,1,1,4,-27.5578,-10.5237,-1.6001,-161.631
530681,1,574136,8588298,1,1,4,-29.1282,-10.7899,-1.6001,-161.631
641865,0,574136,14474931,1,,,,,,
492772,0,574136,23414453,1,,,,,,
621114,0,574136,18091233,1,,,,,,
459354,1,574136,17120672,1,4,4,-2.83485,-158.813,-1.6001,-161.631
482296,0,574136,14639256,1,,,,,,
588883,1,574136,6425319,1,4,4,4.09153,-163.187,-1.6001,-161.631
491738,0,574136,1163211,1,,,,,,
547526,1,574136,23270209,1,0,4,29.625,-41.333,-1.6001,-161.631
625882,0,574136,24286010,1,,,,,,
516281,0,574136,9444135,1,,,,,,
542826,0,574136,9535956,1,,,,,,
551757,1,574136,15421050,1,0,4,33.6676,-40.9886,-1.6001,-161.631
620307,0,574136,11244311,1,,,,,,
461608,1,574136,24550095,1,0,4,31.2415,-44.2421,-1.6001,-161.631
504429,0,574136,28871887,1,,,,,,
465112,1,574136,19893611,1,3,4,-23.5433,-110.511,-1.6001,-161.631
476611,1,574136,17472184,1,3,4,-25.7972,-111.401,-1.6001,-161.631
557108,1,574136,22400328,1,3,4,-24.4442,-111.511,-1.6001,-161.631
483207,1,574136,26222574,1,5,4,23.5788,154.4,-1.6001,-161.631
545631,0,574136,25256192,1,,,,,,
636727,0,574136,26548616,1,,,,,,
538871,1,574136,29963432,1,0,4,34.6257,-37.4084,-1.6001,-161.631
556691,1,574136,19640545,1,0,4,34.0309,-38.3249,-1.6001,-161.631
521580,1,574136,30348882,1,4,4,1.32597,-171.307,-1.6001,-161.631
571405,0,574136,9212414,1,,,,,,
650917,1,574136,28471667,1,2,4,-24.9011,92.0011,-1.6001,-161.631
530709,0,574136,18407358,1,,,,,,
554058,1,574136,26010740,1,4,4,-3.53337,-161.679,-1.6001,-161.631
492212,1,574136,25604152,1,0,4,36.4477,-32.1239,-1.6001,-161.631
575941,0,574136,16201288,1,,,,,,
582292,1,574136,21782181,1,1,4,-31.2471,-11.0586,-1.6001,-161.631
500168,1,574136,9433589,1,3,4,-25.3606,-110.642,-1.6001,-161.631
516777,0,574136,11500858,1,,,,,,
628298,1,574136,2161803,1,4,4,2.33262,-166.255,-1.6001,-161.631
577526,0,574136,625247,1,,,,,,
552124,0,574136,10815647,1,,,,,,
458942,1,574136,22657219,1,0,4,37.6926,-46.5262,-1.6001,-161.631
490191,0,574136,16445642,1,,,,,,
485112,0,574136,11414943,1,,,,,,
508449,1,574136,26269418,1,3,4,-24.6761,-110.559,-1.6001,-161.631
552313,1,574136,13762754,1,3,4,-24.9886,-110.971,-1.6001,-161.631
599876,0,574136,12909610,1,,,,,,
498708,1,574136,29901626,1,3,4,-25.5078,-111.685,-1.6001,-161.631
598809,0,574136,14906178,1,,,,,,
479929,0,574136,15110216,1,,,,,,
650354,0,574136,9340612,1,,,,,,
575020,0,574136,11320958,1,,,,,,
653143,1,574136,20921049,1,4,4,0.0829794,-163.724,-1.6001,-161.631
554701,0,574136,7388339,1,,,,,,
551089,0,574136,24567299,1,,,,,,
497683,1,574136,26216687,1,0,4,33.2137,-39.4479,-1.6001,-161.631
493561,1,574136,20320335,1,3,4,-25.6939,-111.3,-1.6001,-161.631
628758,0,574136,19022702,1,,,,,,
599038,1,574136,13587094,1,2,4,-26.78,87.6173,-1.6001,-161.631
515056,1,574136,1413643,1,0,4,30.1799,-43.1708,-1.6001,-161.631
585883,1,574136,10738843,1,5,4,24.2146,155.645,-1.6001,-161.631
601922,0,574136,8772642,1,,,,,,
614917,0,574136,31298246,1,,,,,,
550772,0,574136,5530163,1,,,,,,
483738,0,574136,29315144,1,,,,,,
543303,1,574136,5900662,1,1,4,-27.9854,-11.7094,-1.6001,-161.631
620825,0,574136,22238401,1,,,,,,
552788,0,574136,17204944,1,,,,,,
639679,0,574136,26048663,1,,,,,,
523068,0,574136,20806821,1,,,,,,
490652,0,574136,29154977,1,,,,,,
504669,1,574136,27825370,1,1,4,-28.7286,-15.4845,-1.6001,-161.631
475950,0,574136,17892384,1,,,,,,
495011,0,574136,17108452,1,,,,,,
613377,0,574136,23169334,1,,,,,,
647055,1,574136,6410902,1,4,4,3.07284,-160.28,-1.6001,-161.631
614201,1,574136,23341013,1,4,4,3.28114,-160.679,-1.6001,-161.631
583965,0,574136,3637697,1,,,,,,
504414,0,574136,2259682,1,,,,,,
463494,1,574136,2870643,1,0,4,36.7608,-43.7318,-1.6001,-161.631
472077,1,574136,4536956,1,4,4,2.04994,-163.194,-1.6001,-161.631
631467,1,574136,28470609,1,4,4,0.174562,-164.751,-1.6001,-161.631
602877,0,574136,3904514,1,,,,,,
645536,1,574136,13402230,1,0,4,37.6276,-37.7255,-1.6001,-161.631
457779,0,574136,11664017,1,,,,,,
549862,1,574136,12211953,1,3,4,-24.7287,-110.921,-1.6001,-161.631
546094,1,574136,11867612,1,0,4,34.4809,-40.4395,-1.6001,-161.631
493109,1,574136,26699064,1,5,4,21.5682,155.227,-1.6001,-161.631
648886,0,574136,24627419,1,,,,,,
644922,0,574136,22392327,1,,,,,,
527274,1,574136,11283684,1,1,4,-30.0249,-10.1735,-1.6001,-161.631
594032,1,574136,13709387,1,1,4,-27.4001,-13.3027,-1.6001,-161.631
576044,0,574136,26376801,1,,,,,,
648241,0,574136,5362255,1,,,,,,
614357,1,574136,8662802,1,3,4,-24.7458,-110.863,-1.6001,-161.631
486614,1,574136,14614220,1,4,4,-0.710756,-165.404,-1.6001,-161.631
464985,0,574136,25161889,1,,,,,,
580873,1,574136,10630320,1,5,4,21.7956,158.149,-1.6001,-161.631
624608,0,574136,5204217,1,,,,,,
457266,0,574136,11244527,1,,,,,,
484691,0,574136,9595453,1,,,,,,
626711,0,574136,14388041,1,,,,,,
490103,1,574136,23282431,1,4,4,6.17458,-165.052,-1.6001,-161.631
469703,1,574136,17820663,1,4,4,-0.992149,-165.263,-1.6001,-161.631
630464,1,574136,25242959,1,4,4,2.2728,-162.985,-1.6001,-161.631
621791,1,574136,6597051,1,2,4,-23.3291,88.1494,-1.6001,-161.631
546086,1,574136,18424344,1,1,4,-28.5467,-14.1162,-1.6001,-161.631
624871,0,574136,13081016,1,,,,,,
540952,0,574136,30772803,1,,,,,,
617725,1,574136,2956324,1,3,4,-25.3373,-110.557,-1.6001,-161.631
592029,0,574136,20910605,1,,,,,,
560706,0,574136,1581741,1,,,,,,
588511,1,574136,14953002,1,4,4,-0.864964,-161.237,-1.6001,-161.631
620966,1,574136,5660414,1,0,4,37.5931,-40.161,-1.6001,-161.631
536099,1,574136,20159114,1,3,4,-25.5355,-110.709,-1.6001,-161.631
473963,1,574136,15396409,1,1,4,-32.9615,-14.2217,-1.6001,-161.631
585337,1,574136,30675652,1,1,4,-29.6241,-12.3988,-1.6001,-161.631
512951,0,574136,9699607,1,,,,,,
510682,1,574136,1036855,1,4,4,0.545339,-165.28,-1.6001,-161.631
654437,0,574136,13061704,1,,,,,,
521658,1,574136,2959929,1,1,4,-28.8783,-16.4516,-1.6001,-161.631
470224,1,574136,910953,1,5,4,18.2823,155.745,-1.6001,-161.631
584967,0,574136,27504033,1,,,,,,
570417,0,574136,27563566,1,,,,,,
600409,1,574136,16088403,1,1,4,-28.3001,-12.7015,-1.6001,-161.631
467370,1,574136,15571514,1,0,4,24.9037,-40.1538,-1.6001,-161.631
551198,0,574136,12452159,1,,,,,,
635657,0,574136,29291791,1,,,,,,
558037,1,574136,28465391,1,3,4,-24.9798,-111.037,-1.6001,-161.631
461167,1,574136,25322064,1,1,4,-29.1589,-14.2132,-1.6001,-161.631
474062,1,574136,6401534,1,0,4,28.7966,-39.4441,-1.6001,-161.631
528878,1,574136,28515424,1,0,4,27.8194,-42.6016,-1.6001,-161.631
549547,0,574136,1753954,1,,,,,,
585399,1,574136,29318476,1,2,4,-20.4106,89.3517,-1.6001,-161.631
538807,0,574136,8495072,1,,,,,,
603261,1,574136,18926806,1,1,4,-31.4517,-13.6453,-1.6001,-161.631
644066,0,574136,25881538,1,,,,,,
567266,1,574136,14028523,1,4,4,1.08127,-166.728,-1.6001,-161.631
474506,0,574136,23288056,1,,,,,,
531580,1,574136,24816194,1,5,4,17.9513,153.039,-1.6001,-161.631
624321,1,574136,26444133,1,4,4,9.12722,-163.119,-1.6001,-161.631
457672,1,574136,20406296,1,4,4,-2.63905,-154.326,-1.6001,-161.631
625796,1,574136,17027865,1,3,4,-24.9985,-110.642,-1.6001,-161.631
554251,0,574136,4234607,1,,,,,,
566692,1,574136,97322,1,5,4,21.7378,158.933,-1.6001,-161.631
505570,1,574136,30108247,1,4,4,0.0637163,-157.714,-1.6001,-161.631
580838,0,574136,15156019,1,,,,,,
634380,0,574136,29384113,1,,,,,,
635238,0,574136,30351616,1,,,,,,
655522,1,574136,19887173,1,2,4,-18.5682,89.7312,-1.6001,-161.631
590956,0,574136,26493523,1,,,,,,
609257,1,574136,26185954,1,4,4,8.22748,-166.341,-1.6001,-161.631
571668,1,574136,23882403,1,5,4,17.3686,158.765,-1.6001,-161.631
458349,1,574136,18750991,1,1,4,-30.9019,-9.78333,-1.6001,-161.631
622282,1,574136,27091116,1,0,4,40.9884,-42.9995,-1.6001,-161.631
604391,1,574136,16608994,1,0,4,33.3185,-37.133,-1.6001,-161.631
567875,0,574136,5558516,1,,,,,,
627013,0,574136,7306339,1,,,,,,
595595,0,574136,22390217,1,,,,,,
565969,1,574136,21405612,1,3,4,-25.0197,-110.649,-1.6001,-161.631
598571,1,574136,10398047,1,4,4,3.13213,-171.58,-1.6001,-161.631
513766,1,574136,7287874,1,2,4,-21.4866,94.5075,-1.6001,-161.631
641509,0,574136,28002463,1,,,,,,
529445,1,574136,8768188,1,0,4,30.5966,-35.3049,-1.6001,-161.631
505521,1,574136,1137279,1,4,4,5.09733,-170.482,-1.6001,-161.631
605831,0,574136,5843030,1,,,,,,
528552,0,574136,27238483,1,,,,,,
621232,0,574136,18247360,1,,,,,,
635125,0,574136,10308174,1,,,,,,
507886,0,574136,26181367,1,,,,,,
509922,0,574136,29818233,1,,,,,,
513868,1,574136,25230366,1,3,4,-24.8332,-111.423,-1.6001,-161.631
515692,1,574136,15228598,1,2,4,-19.9598,91.3647,-1.6001,-161.631
479934,1,574136,5358505,1,2,4,-19.9147,89.247,-1.6001,-161.631
484538,1,574136,4683280,1,2,4,-21.301,93.0014,-1.6001,-161.631
470790,0,574136,2287233,1,,,,,,
466829,1,574136,8554439,1,1,4,-24.8714,-10.6652,-1.6001,-161.631
597895,1,574136,26376486,1,4,4,1.35184,-162.108,-1.6001,-161.631
488969,1,574136,20911164,1,0,4,40.0132,-45.7875,-1.6001,-161.631
608738,1,574136,17928055,1,5,4,23.768,158.002,-1.6001,-161.631
460814,0,574136,24577388,1,,,,,,
515625,1,574136,13515102,1,4,4,0.75519,-170.275,-1.6001,-161.631
570029,0,574136,2019969,1,,,,,,
476945,1,574136,17001611,1,0,4,31.9588,-41.7677,-1.6001,-161.631
523730,1,574136,12615776,1,4,4,3.03361,-172.945,-1.6001,-161.631
476494,1,574136,20698839,1,2,4,-21.2864,92.9804,-1.6001,-161.631
511596,0,574136,26638751,1,,,,,,
544441,1,574136,23941843,1,1,4,-29.3719,-12.9139,-1.6001,-161.631
633632,0,574136,17889046,1,,,,,,
599894,0,574136,20137018,1,,,,,,
635603,0,574136,2508735,1,,,,,,
647533,1,574136,6717822,1,0,4,33.6739,-40.5856,-1.6001,-161.631
642148,1,574136,4765853,1,1,4,-26.8898,-11.2543,-1.6001,-161.631
578286,0,574136,2283155,1,,,,,,
535754,0,574136,17655360,1,,,,,,
628254,0,574136,13920698,1,,,,,,
543464,1,574136,2422464,1,0,4,36.4536,-41.5546,-1.6001,-161.631
571958,0,574136,15058735,1,,,,,,
522160,1,574136,7200849,1,3,4,-25.3858,-111.089,-1.6001,-161.631
495451,1,574136,623199,1,0,4,34.4587,-43.9525,-1.6001,-161.631
626566,1,574136,7700557,1,1,4,-28.2394,-12.7831,-1.6001,-161.631
535922,1,574136,13238127,1,0,4,36.8267,-37.0879,-1.6001,-161.631
555412,1,574136,28205311,1,0,4,35.4259,-33.11,-1.6001,-161.631
558835,1,574136,28041559,1,2,4,-21.0396,92.2244,-1.6001,-161.631
500062,1,574136,28041559,1,0,4,36.3729,-37.1071,-1.6001,-161.631
457666,1,574136,19189851,1,0,4,34.0247,-43.5349,-1.6001,-161.631
598586,1,574136,4776520,1,4,4,-1.43063,-158.936,-1.6001,-161.631
456772,1,574136,2698230,1,0,4,34.5961,-40.4699,-1.6001,-161.631
562314,0,574136,15818419,1,,,,,,
462340,1,574136,15818419,1,1,4,-31.4696,-12.9266,-1.6001,-161.631
504047,1,574136,11018833,1,0,4,27.3562,-38.1594,-1.6001,-161.631
504308,0,574136,31301777,1,,,,,,
503103,1,574136,29905357,1,4,4,-0.00807166,-172.282,-1.6001,-161.631
552510,1,574136,3516449,1,4,4,-3.0053,-171.893,-1.6001,-161.631
640856,1,574136,27910812,1,4,4,4.45052,-162.803,-1.6001,-161.631
649057,1,574136,19062059,1,5,4,20.0179,159.132,-1.6001,-161.631
560268,0,574136,11257100,1,,,,,,
621906,0,574136,30764322,1,,,,,,
517918,0,574136,18925078,1,,,,,,
575662,0,574136,18124921,1,,,,,,
542319,1,574136,5912139,1,3,4,-24.7499,-111.605,-1.6001,-161.631
555185,0,574136,2697808,1,,,,,,
579411,0,574136,12115190,1,,,,,,
514270,1,574136,22231462,1,3,4,-25.2198,-110.263,-1.6001,-161.631
574175,0,574136,7790410,1,,,,,,
602794,0,574136,24725891,1,,,,,,
584467,0,574136,20746111,1,,,,,,
635520,1,574136,12280524,1,0,4,32.0177,-48.9331,-1.6001,-161.631
599512,1,574136,2175190,1,0,4,33.4472,-38.6418,-1.6001,-161.631
649882,0,574136,20410204,1,,,,,,
636504,0,574136,9861534,1,,,,,,
463930,0,574136,6163203,1,,,,,,
543500,1,574136,25537706,1,5,4,19.3235,153.309,-1.6001,-161.631
497347,1,574136,25537706,1,2,4,-24.6292,89.1543,-1.6001,-161.631
557114,0,574136,18496110,1,,,,,,
497961,1,574136,438310,1,2,4,-22.0637,87.9958,-1.6001,-161.631
549050,1,574136,26525553,1,4,4,-0.0159959,-159.708,-1.6001,-161.631
656639,1,574136,16344745,1,4,4,-0.5571,-163.974,-1.6001,-161.631
569143,1,574136,281369,1,0,4,31.5434,-37.1922,-1.6001,-161.631
622540,0,574136,20053458,1,,,,,,
565187,0,574136,12970237,1,,,,,,
553354,1,574136,2693772,1,4,4,0.595636,-157.251,-1.6001,-161.631
483252,1,574136,22127771,1,0,4,31.3802,-35.9717,-1.6001,-161.631
507999,1,574136,7579447,1,2,4,-22.1716,93.8621,-1.6001,-161.631
651541,0,574136,17171075,1,,,,,,
546826,1,574136,17886375,1,1,4,-29.7884,-7.42025,-1.6001,-161.631
547287,0,574136,16114117,1,,,,,,
647367,1,574136,16940288,1,5,4,21.1255,156.903,-1.6001,-161.631
567203,0,574136,10141489,1,,,,,,
518238,0,574136,10141489,1,,,,,,
550542,1,574136,17228916,1,3,4,-24.9295,-111.056,-1.6001,-161.631
506109,0,574136,11072414,1,,,,,,
636782,1,574136,20323482,1,0,4,31.0835,-36.1996,-1.6001,-161.631
485551,0,574136,20921572,1,,,,,,
484180,0,574136,1327873,1,,,,,,
480279,0,574136,6933142,1,,,,,,
621602,1,574136,24535230,1,2,4,-21.6906,94.9294,-1.6001,-161.631
551521,1,574136,13520524,1,4,4,6.77648,-159.252,-1.6001,-161.631
605732,1,574136,697692,1,5,4,21.5998,158.141,-1.6001,-161.631
519847,0,574136,6153140,1,,,,,,
577716,0,574136,7383786,1,,,,,,
549715,0,574136,7383786,1,,,,,,
604331,1,574136,4438328,1,0,4,31.8452,-45.8866,-1.6001,-161.631
617090,1,574136,21016126,1,5,4,23.2323,155.814,-1.6001,-161.631
569436,0,574136,17559004,1,,,,,,
463758,1,574136,11329971,1,0,4,35.124,-43.3436,-1.6001,-161.631
647122,1,574136,12387631,1,2,4,-21.7526,91.093,-1.6001,-161.631
457802,0,574136,11332723,1,,,,,,
546297,0,574136,23447209,1,,,,,,
464563,1,574136,20002105,1,1,4,-30.7307,-15.2334,-1.6001,-161.631
565564,1,574136,14025363,1,4,4,-2.46376,-167.251,-1.6001,-161.631
588475,1,574136,16600726,1,2,4,-25.0721,91.9357,-1.6001,-161.631
481176,0,574136,354297,1,,,,,,
494014,1,574136,24021363,1,4,4,-0.76739,-173.928,-1.6001,-161.631
489646,0,574136,22491575,1,,,,,,
496371,1,574136,23213681,1,5,4,23.4976,157.813,-1.6001,-161.631
576773,0,574136,1662669,1,,,,,,
614221,0,574136,211209,1,,,,,,
598883,1,574136,4863368,1,1,4,-28.9485,-14.1283,-1.6001,-161.631
554368,0,574136,25545125,1,,,,,,
494563,0,574136,26362099,1,,,,,,
484624,1,574136,9912245,1,4,4,5.70145,-162.734,-1.6001,-161.631
566687,1,574136,17715293,1,3,4,-24.8659,-111.442,-1.6001,-161.631
545126,0,574136,9470044,1,,,,,,
535320,0,574136,15337315,1,,,,,,
533707,0,574136,15055488,1,,,,,,
552780,0,574136,23964511,1,,,,,,
458740,0,574136,3380859,1,,,,,,
639951,1,574136,27734426,1,4,4,2.98195,-166.835,-1.6001,-161.631
494322,1,574136,23617477,1,1,4,-28.2251,-10.4533,-1.6001,-161.631
598975,1,574136,23020678,1,0,4,40.1427,-41.4527,-1.6001,-161.631
548725,0,574136,5892135,1,,,,,,
633008,0,574136,9334110,1,,,,,,
543629,1,574136,20145268,1,0,4,34.1837,-43.4627,-1.6001,-161.631
558148,1,574136,9851172,1,2,4,-23.2941,89.0856,-1.6001,-161.631
545435,1,574136,26801292,1,2,4,-24.0164,92.1506,-1.6001,-161.631
520006,1,574136,30331112,1,4,4,3.37189,-165.729,-1.6001,-161.631
589769,1,574136,13660475,1,0,4,32.9206,-42.071,-1.6001,-161.631
574066,0,574136,27310834,1,,,,,,
600104,1,574136,22847813,1,4,4,-2.03982,-169.373,-1.6001,-161.631
510437,0,574136,29728443,1,,,,,,
621888,1,574136,10717604,1,1,4,-30.5647,-14.373,-1.6001,-161.631
466136,0,574136,13095003,1,,,,,,
567586,0,574136,27745802,1,,,,,,
605818,1,574136,23005050,1,5,4,22.6398,155.768,-1.6001,-161.631
619853,1,574136,7608991,1,0,4,38.3168,-42.2596,-1.6001,-161.631
584717,0,574136,3810195,1,,,,,,
471185,1,574136,21605136,1,0,4,32.7835,-34.7925,-1.6001,-161.631
472560,0,574136,3740049,1,,,,,,
534769,0,574136,20916791,1,,,,,,
611312,1,574136,24900019,1,4,4,0.530812,-167.568,-1.6001,-161.631
607386,0,574136,7453138,1,,,,,,
532146,1,574136,15741025,1,4,4,1.20581,-162.302,-1.6001,-161.631
656436,0,574136,23264402,1,,,,,,
492533,0,574136,6198251,1,,,,,,
475710,0,574136,18494333,1,,,,,,
653206,0,574136,23017540,1,,,,,,
630134,1,574136,25772644,1,5,4,21.629,157.527,-1.6001,-161.631
655213,1,574136,22589377,1,3,4,-24.9955,-110.677,-1.6001,-161.631
654464,0,574136,13846465,1,,,,,,
568473,1,574136,12915628,1,1,4,-31.6053,-9.99086,-1.6001,-161.631
540366,1,574136,3669418,1,3,4,-24.0498,-110.939,-1.6001,-161.631
597592,1,574136,18172824,1,0,4,32.212,-45.128,-1.6001,-161.631
500489,1,574136,27050813,1,1,4,-21.9103,-14.9636,-1.6001,-161.631
483880,0,574136,18760822,1,,,,,,
519775,0,574136,22999752,1,,,,,,
648695,1,574136,4501926,1,3,4,-24.4562,-110.723,-1.6001,-161.631
550203,0,574136,9098699,1,,,,,,
616505,1,574136,15333618,1,4,4,6.14416,-164.939,-1.6001,-161.631
501642,1,574136,10928533,1,0,4,39.643,-36.1835,-1.6001,-161.631
643156,0,574136,24381162,1,,,,,,
603284,1,574136,5194553,1,4,4,4.89011,-165.097,-1.6001,-161.631
578312,0,574136,13402579,1,,,,,,
613363,1,574136,10122043,1,0,4,36.1153,-44.4299,-1.6001,-161.631
539660,0,574136,26123247,1,,,,,,
575783,0,574136,6661809,1,,,,,,
588013,1,574136,3177617,1,0,4,39.72,-42.715,-1.6001,-161.631
556292,0,574136,2457875,1,,,,,,
610237,0,574136,24108514,1,,,,,,
632897,0,574136,15479049,1,,,,,,
471117,0,574136,26188604,1,,,,,,
564757,1,574136,28268847,1,0,4,36.912,-36.7804,-1.6001,-161.631
472823,1,574136,9004011,1,3,4,-24.2157,-111.971,-1.6001,-161.631
615735,1,574136,29743802,1,1,4,-31.1522,-9.2548,-1.6001,-161.631
569986,1,574136,4779926,1,4,4,2.91474,-160.086,-1.6001,-161.631
619224,0,574136,17891745,1,,,,,,
516191,1,574136,20058035,1,0,4,35.157,-39.5645,-1.6001,-161.631
466977,1,574136,15079008,1,5,4,22.558,157.873,-1.6001,-161.631
637027,1,574136,6914689,1,0,4,34.1628,-45.2904,-1.6001,-161.631
464512,1,574136,19298902,1,1,4,-28.0125,-14.5223,-1.6001,-161.631
506532,0,574136,22755653,1,,,,,,
556446,0,574136,8744429,1,,,,,,
564139,0,574136,22051421,1,,,,,,
570572,1,574136,6079022,1,4,4,-1.71241,-157.922,-1.6001,-161.631
563154,1,574136,86722,1,2,4,-24.0659,92.8753,-1.6001,-161.631
523710,0,574136,356439,1,,,,,,
498017,0,574136,5334037,1,,,,,,
524006,1,574136,13679408,1,3,4,-25.4554,-110.181,-1.6001,-161.631
544271,0,574136,6501613,1,,,,,,
628733,1,574136,17886821,1,4,4,2.55081,-162.263,-1.6001,-161.631
647231,0,574136,10297985,1,,,,,,
603454,1,574136,12096050,1,0,4,28.663,-46.5357,-1.6001,-161.631
472273,1,574136,15899760,1,4,4,0.333103,-165.371,-1.6001,-161.631
480725,1,574136,22685792,1,4,4,0.880733,-165.582,-1.6001,-161.631
645390,1,574136,3954038,1,2,4,-22.3121,89.933,-1.6001,-161.631
605878,1,574136,23334058,1,1,4,-30.8827,-13.2184,-1.6001,-161.631
556646,0,574136,4348437,1,,,,,,
643352,0,574136,5640349,1,,,,,,
460542,0,574136,10546544,1,,,,,,
607921,1,574136,15478557,1,1,4,-31.1733,-12.3315,-1.6001,-161.631
520401,0,574136,27494351,1,,,,,,
520603,1,574136,20651523,1,5,4,18.3866,157.294,-1.6001,-161.631
559713,0,574136,15129386,1,,,,,,
607881,0,574136,11075806,1,,,,,,
624170,1,574136,27840327,1,0,4,34.6235,-41.0877,-1.6001,-161.631
483175,1,574136,9897482,1,1,4,-28.1021,-13.2634,-1.6001,-161.631
571238,1,574136,19548261,1,4,4,-2.33011,-166.584,-1.6001,-161.631
626947,0,574136,12111135,1,,,,,,
620084,0,574136,28050291,1,,,,,,
485740,0,574136,16000427,1,,,,,,
497630,1,574136,4254746,1,5,4,21.1297,157.302,-1.6001,-161.631
539732,0,574136,29091647,1,,,,,,
561206,0,574136,8577644,1,,,,,,
474307,0,574136,18691284,1,,,,,,
514984,0,574136,10635041,1,,,,,,
475576,1,574136,21402415,1,3,4,-24.7912,-111.322,-1.6001,-161.631
654985,1,574136,15379950,1,0,4,28.4216,-42.35,-1.6001,-161.631
535925,1,574136,26198735,1,4,4,4.11997,-165.908,-1.6001,-161.631
482076,0,574136,12206788,1,,,,,,
491371,0,574136,6854154,1,,,,,,
590403,0,574136,6519622,1,,,,,,
592388,1,574136,23190507,1,3,4,-25.1285,-110.928,-1.6001,-161.631
603927,1,574136,22139442,1,4,4,-3.34504,-169.745,-1.6001,-161.631
481677,0,574136,21533395,1,,,,,,
474804,0,574136,10471535,1,,,,,,
465944,1,574136,16941649,1,0,4,33.3847,-41.7367,-1.6001,-161.631
600436,1,574136,17400998,1,4,4,-5.37409,-161.972,-1.6001,-161.631
542566,1,574136,21396977,1,4,4,5.13492,-161.088,-1.6001,-161.631
490626,0,574136,25698014,1,,,,,,
500028,0,574136,7434258,1,,,,,,
570573,0,574136,620652,1,,,,,,
473123,1,574136,17348682,1,0,4,37.7192,-42.2508,-1.6001,-161.631
520561,1,574136,5116326,1,2,4,-19.8995,95.2375,-1.6001,-161.631
457409,1,574136,8060426,1,1,4,-29.7937,-13.8683,-1.6001,-161.631
570120,0,574136,11767240,1,,,,,,
623979,1,574136,7522243,1,0,4,26.8258,-39.6634,-1.6001,-161.631
604300,1,574136,31408583,1,2,4,-21.392,93.3359,-1.6001,-161.631
483517,1,574136,10456258,1,3,4,-24.6895,-110.878,-1.6001,-161.631
653128,0,574136,956910,1,,,,,,
602447,0,574136,31118418,1,,,,,,
533054,1,574136,14604926,1,0,4,24.4792,-37.2123,-1.6001,-161.631
636612,1,574136,2714333,1,4,4,-0.160556,-164.195,-1.6001,-161.631
545620,1,574136,16158903,1,2,4,-20.409,95.1308,-1.6001,-161.631
526170,1,574136,12125615,1,1,4,-27.5426,-10.896,-1.6001,-161.631
602078,1,574136,17034860,1,1,4,-31.5385,-12.7589,-1.6001,-161.631
492475,0,574136,28428014,1,,,,,,
641524,0,574136,4791812,1,,,,,,
612840,1,574136,18551172,1,4,4,-0.502715,-166.62,-1.6001,-161.631
585493,0,574136,17256282,1,,,,,,
536713,0,574136,22639500,1,,,,,,
648618,0,574136,25507702,1,,,,,,
594281,0,574136,193847,1,,,,,,
610223,1,574136,20602202,1,4,4,-0.278566,-164.804,-1.6001,-161.631
574683,0,574136,562967,1,,,,,,
621664,1,574136,2685176,1,0,4,29.7865,-41.633,-1.6001,-161.631
619229,0,574136,1576844,1,,,,,,
466411,1,574136,4686146,1,2,4,-24.1052,93.8946,-1.6001,-161.631
522356,0,574136,7704774,1,,,,,,
481523,0,574136,16716297,1,,,,,,
577715,1,574136,8240011,1,2,4,-22.1007,90.156,-1.6001,-161.631
462222,0,574136,14637956,1,,,,,,
548213,0,574136,29293041,1,,,,,,
473899,1,574136,15564640,1,5,4,24.2056,153.468,-1.6001,-161.631
543132,0,574136,1681562,1,,,,,,
457043,1,574136,2781204,1,4,4,1.47532,-163.146,-1.6001,-161.631
571263,1,574136,22577321,1,5,4,22.1001,154.644,-1.6001,-161.631
605223,0,574136,31388993,1,,,,,,
579935,0,574136,7367980,1,,,,,,
485547,0,574136,29425239,1,,,,,,
562296,0,574136,15296426,1,,,,,,
497005,1,574136,3349463,1,0,4,38.7397,-42.7145,-1.6001,-161.631
564921,1,574136,25932511,1,3,4,-25.2045,-110.811,-1.6001,-161.631
486627,1,574136,2858239,1,4,4,0.621768,-164.022,-1.6001,-161.631
648408,1,574136,14173236,1,2,4,-18.9545,92.1203,-1.6001,-161.631
522428,1,574136,31105612,1,4,4,-0.099517,-164.099,-1.6001,-161.631
584193,1,574136,13665506,1,0,4,32.9911,-40.7558,-1.6001,-161.631
539119,0,574136,22017448,1,,,,,,
510071,1,574136,2097167,1,4,4,-4.96501,-165.69,-1.6001,-161.631
577919,0,574136,22074483,1,,,,,,
541872,0,574136,22136681,1,,,,,,
557260,0,574136,16696374,1,,,,,,
595152,0,574136,26193958,1,,,,,,
622212,0,574136,26014330,1,,,,,,
597234,0,574136,25147114,1,,,,,,
650809,1,574136,19473630,1,5,4,23.5374,155.358,-1.6001,-161.631
527699,1,574136,20912229,1,1,4,-26.2472,-15.9336,-1.6001,-161.631
462538,1,574136,2357778,1,5,4,20.83,157.294,-1.6001,-161.631
608890,0,574136,13912936,1,,,,,,
647395,0,574136,15659854,1,,,,,,
595304,0,574136,3472240,1,,,,,,
460883,1,574136,2604252,1,3,4,-25.3249,-110.889,-1.6001,-161.631
650115,1,574136,3301247,1,4,4,3.36436,-165.383,-1.6001,-161.631
491650,0,574136,5810675,1,,,,,,
585565,0,574136,3122671,1,,,,,,
584342,0,574136,1907449,1,,,,,,
541708,1,574136,8332619,1,4,4,1.45219,-164.545,-1.6001,-161.631
506113,1,574136,22862547,1,4,4,-7.67169,-165.863,-1.6001,-161.631
590159,1,574136,28640451,1,3,4,-25.0364,-110.705,-1.6001,-161.631
588608,0,574136,17717767,1,,,,,,
609224,1,574136,12984538,1,5,4,23.9615,153.485,-1.6001,-161.631
610216,0,574136,21085829,1,,,,,,
545526,0,574136,31132088,1,,,,,,
492717,1,574136,8511699,1,3,4,-25.1152,-111.477,-1.6001,-161.631
560776,0,574136,9424816,1,,,,,,
539635,1,574136,18322774,1,4,4,-0.666611,-163.251,-1.6001,-161.631
478780,1,574136,18448113,1,2,4,-22.3198,91.1191,-1.6001,-161.631
592135,0,574136,14179827,1,,,,,,
560431,0,574136,11767542,1,,,,,,
595604,0,574136,5271199,1,,,,,,
492045,1,574136,21510978,1,5,4,21.1733,157.18,-1.6001,-161.631
501857,0,574136,19981118,1,,,,,,
529752,0,574136,6149579,1,,,,,,
624171,1,574136,19863150,1,3,4,-24.5339,-110.632,-1.6001,-161.631
531981,0,574136,30111490,1,,,,,,
582734,0,574136,8469728,1,,,,,,
630416,1,574136,1045700,1,5,4,19.7769,155.912,-1.6001,-161.631
517785,1,574136,1909422,1,3,4,-25.6501,-110.336,-1.6001,-161.631
582034,0,574136,14706772,1,,,,,,
656022,0,574136,26529374,1,,,,,,
482057,0,574136,30692199,1,,,,,,
526641,1,574136,7789496,1,3,4,-24.6803,-110.747,-1.6001,-161.631
539328,1,574136,23946516,1,4,4,-5.18852,-162.456,-1.6001,-161.631
546769,0,574136,17984172,1,,,,,,
602853,0,574136,7960604,1,,,,,,
549376,0,574136,3921030,1,,,,,,
492664,1,574136,6671531,1,5,4,24.7209,151.685,-1.6001,-161.631
573239,0,574136,6790241,1,,,,,,
602260,1,574136,15295184,1,0,4,36.8158,-40.2833,-1.6001,-161.631
499005,1,574136,14191078,1,4,4,0.0564216,-160.276,-1.6001,-161.631
641048,1,574136,19662963,1,4,4,1.30132,-162.896,-1.6001,-161.631
554492,0,574136,22591239,1,,,,,,
533316,1,574136,274363,1,3,4,-24.7449,-110.527,-1.6001,-161.631
498061,0,574136,8238965,1,,,,,,
504328,1,574136,16954591,1,2,4,-22.0023,91.3475,-1.6001,-161.631
570492,1,574136,7276838,1,0,4,36.4644,-39.111,-1.6001,-161.631
645331,1,574136,31019177,1,4,4,11.6537,-167.76,-1.6001,-161.631
612560,0,574136,9111494,1,,,,,,
562444,0,574136,276519,1,,,,,,
543769,0,574136,2713692,1,,,,,,
600626,0,574136,31121681,1,,,,,,
475170,0,574136,20936922,1,,,,,,
542142,0,574136,10951269,1,,,,,,
583623,1,574136,14290360,1,0,4,32.226,-43.1435,-1.6001,-161.631
505965,0,574136,1994798,1,,,,,,
472078,0,574136,17021019,1,,,,,,
613033,1,574136,29741133,1,1,4,-27.0398,-12.5789,-1.6001,-161.631
573155,0,574136,5186097,1,,,,,,
590754,0,574136,28359367,1,,,,,,
462910,0,574136,23287640,1,,,,,,
466345,0,574136,30597859,1,,,,,,
470537,1,574136,16608359,1,5,4,23.4236,155.365,-1.6001,-161.631
610580,0,574136,27765480,1,,,,,,
549787,1,574136,12727356,1,0,4,33.9362,-42.4717,-1.6001,-161.631
569178,1,574136,31170128,1,4,4,1.46665,-167.087,-1.6001,-161.631
656488,0,574136,30247051,1,,,,,,
599613,1,574136,16311298,1,5,4,26.7279,155.341,-1.6001,-161.631
583699,0,574136,24565248,1,,,,,,
547578,0,574136,26629567,1,,,,,,
576571,1,574136,6336080,1,0,4,43.5906,-38.3801,-1.6001,-161.631
457791,0,574136,22737270,1,,,,,,
560468,1,574136,26119843,1,1,4,-27.5545,-13.2735,-1.6001,-161.631
635749,1,574136,8562722,1,4,4,-1.85888,-166.258,-1.6001,-161.631
559973,1,574136,4513711,1,4,4,-9.58177,-161.447,-1.6001,-161.631
630669,1,574136,14794200,1,5,4,18.3435,156.118,-1.6001,-161.631
563728,1,574136,10637480,1,0,4,26.3535,-40.1561,-1.6001,-161.631
527256,1,574136,15652851,1,5,4,20.0009,155.302,-1.6001,-161.631
620522,1,574136,15652851,1,1,4,-29.3033,-12.9267,-1.6001,-161.631
565536,0,574136,9460814,1,,,,,,
529987,1,574136,23717306,1,0,4,33.8701,-43.5876,-1.6001,-161.631
621945,1,574136,27477750,1,0,4,31.9475,-42.1715,-1.6001,-161.631
568085,1,574136,27477750,1,3,4,-24.966,-111.036,-1.6001,-161.631
548836,1,574136,23769139,1,0,4,33.5008,-51.84,-1.6001,-161.631
646500,1,574136,715015,1,5,4,20.6951,157.825,-1.6001,-161.631
588456,0,574136,8850611,1,,,,,,
494822,0,574136,12378755,1,,,,,,
467699,1,574136,18884752,1,1,4,-30.8629,-10.3991,-1.6001,-161.631
576104,1,574136,14459047,1,1,4,-27.5787,-12.4187,-1.6001,-161.631
577337,0,574136,7800803,1,,,,,,
617399,1,574136,7370411,1,5,4,22.4111,156.964,-1.6001,-161.631
649906,1,574136,21997677,1,4,4,-1.4064,-162.1,-1.6001,-161.631
517344,1,574136,2246432,1,4,4,-7.42582,-159.383,-1.6001,-161.631
461179,0,574136,22821159,1,,,,,,
512709,0,574136,14263995,1,,,,,,
534480,1,574136,24994084,1,0,4,33.4712,-41.6302,-1.6001,-161.631
617535,0,574136,4769296,1,,,,,,
606996,1,574136,4258842,1,3,4,-25.2351,-111.666,-1.6001,-161.631
532201,0,574136,31511372,1,,,,,,
635789,0,574136,356564,1,,,,,,
484822,0,574136,18591175,1,,,,,,
599247,1,574136,8047464,1,1,4,-29.5528,-16.2199,-1.6001,-161.631
616253,1,574136,3515248,1,0,4,30.6401,-46.6238,-1.6001,-161.631
606229,0,574136,19311508,1,,,,,,
559281,1,574136,19659044,1,3,4,-25.267,-110.66,-1.6001,-161.631
546147,0,574136,4289094,1,,,,,,
533817,1,574136,5404731,1,4,4,-1.17531,-166.266,-1.6001,-161.631
482952,0,574136,19842006,1,,,,,,
649124,1,574136,11422109,1,2,4,-24.5864,86.3631,-1.6001,-161.631
594875,1,574136,22259524,1,3,4,-24.8125,-111.685,-1.6001,-161.631
636631,1,574136,7713785,1,5,4,20.2531,159.323,-1.6001,-161.631
459109,0,574136,21620477,1,,,,,,
657060,1,574136,7005627,1,5,4,22.0104,153.351,-1.6001,-161.631
611786,0,574136,21957140,1,,,,,,
633146,1,574136,10303281,1,3,4,-25.623,-111.63,-1.6001,-161.631
458171,0,574136,26616664,1,,,,,,
478856,1,574136,10113702,1,5,4,24.0868,160.723,-1.6001,-161.631
568940,0,574136,12988573,1,,,,,,
491622,0,574136,27121896,1,,,,,,
571689,1,574136,18875525,1,0,4,38.9074,-48.0408,-1.6001,-161.631
477010,1,574136,10045122,1,3,4,-24.9189,-109.778,-1.6001,-161.631
553878,0,574136,8823267,1,,,,,,
599186,1,574136,17215253,1,0,4,30.3028,-42.477,-1.6001,-161.631
530253,1,574136,22592578,1,0,4,28.8126,-45.238,-1.6001,-161.631
626462,1,574136,20571874,1,4,4,-0.773035,-165.456,-1.6001,-161.631
619648,1,574136,11232051,1,0,4,32.9477,-47.5798,-1.6001,-161.631
465705,1,574136,27672522,1,2,4,-20.9075,90.5083,-1.6001,-161.631
647842,0,574136,22824737,1,,,,,,
523238,1,574136,178812,1,4,4,-0.111376,-166.165,-1.6001,-161.631
458409,0,574136,9850579,1,,,,,,
547931,0,574136,4421300,1,,,,,,
598240,1,574136,3211126,1,3,4,-24.7736,-110.607,-1.6001,-161.631
598831,1,574136,23764732,1,5,4,20.606,155.785,-1.6001,-161.631
559958,0,574136,23768900,1,,,,,,
634553,1,574136,22832440,1,5,4,23.5463,154.887,-1.6001,-161.631
519692,1,574136,23332128,1,2,4,-21.1115,91.7857,-1.6001,-161.631
548516,0,574136,3557525,1,,,,,,
503915,1,574136,15083150,1,0,4,32.9104,-49.5351,-1.6001,-161.631
570511,1,574136,22597493,1,0,4,32.9391,-36.6084,-1.6001,-161.631
468884,1,574136,17638858,1,4,4,1.6382,-160.206,-1.6001,-161.631
623920,0,574136,11284923,1,,,,,,
634698,0,574136,5970611,1,,,,,,
562389,1,574136,30878386,1,3,4,-25.3629,-110.149,-1.6001,-161.631
515475,1,574136,19528211,1,0,4,37.992,-37.7048,-1.6001,-161.631
606765,0,574136,14004483,1,,,,,,
604993,0,574136,2862732,1,,,,,,
633094,1,574136,6672139,1,4,4,-3.12468,-159.851,-1.6001,-161.631
602467,0,574136,27940223,1,,,,,,
603428,1,574136,21100994,1,0,4,34.0148,-43.0134,-1.6001,-161.631
507140,0,574136,28874729,1,,,,,,
521898,1,574136,24987962,1,4,4,0.0454215,-165.377,-1.6001,-161.631
591315,0,574136,23006586,1,,,,,,
523468,1,574136,29135567,1,3,4,-25.957,-111.213,-1.6001,-161.631
524387,1,574136,783373,1,4,4,-1.60799,-160.079,-1.6001,-161.631
498550,1,574136,11269847,1,5,4,21.5175,153.7,-1.6001,-161.631
492903,0,574136,466567,1,,,,,,
599486,1,574136,17041119,1,2,4,-20.9683,92.8392,-1.6001,-161.631
640648,0,574136,1760440,1,,,,,,
473351,0,574136,20322378,1,,,,,,
607330,0,574136,1654819,1,,,,,,
564228,1,574136,30530930,1,0,4,30.19,-49.2386,-1.6001,-161.631
592934,0,574136,7274932,1,,,,,,
485890,0,574136,15001313,1,,,,,,
586539,1,574136,7349079,1,3,4,-24.7113,-110.345,-1.6001,-161.631
469176,1,574136,1655077,1,5,4,23.5512,153.815,-1.6001,-161.631
488053,1,574136,30813176,1,0,4,33.5644,-48.1538,-1.6001,-161.631
547669,0,574136,19304685,1,,,,,,
603166,0,574136,10839798,1,,,,,,
567521,0,574136,4406872,1,,,,,,
601540,1,574136,17553363,1,1,4,-26.2082,-11.8594,-1.6001,-161.631
486650,0,574136,2509719,1,,,,,,
603135,0,574136,7091087,1,,,,,,
502860,1,574136,22055552,1,3,4,-25.421,-111.698,-1.6001,-161.631
607464,0,574136,2288191,1,,,,,,
544885,0,574136,27166087,1,,,,,,
607666,0,574136,17496715,1,,,,,,
523791,0,574136,4069127,1,,,,,,
479568,0,574136,4621050,1,,,,,,
599601,1,574136,21543153,1,4,4,10.0092,-162.908,-1.6001,-161.631
521709,0,574136,22743415,1,,,,,,
489498,0,574136,4675229,1,,,,,,
457402,0,574136,358128,1,,,,,,
554054,0,574136,27203532,1,,,,,,
651989,0,574136,9779441,1,,,,,,
637460,1,574136,3173099,1,1,4,-27.5905,-13.1071,-1.6001,-161.631
599769,0,574136,3499728,1,,,,,,
529782,0,574136,11926169,1,,,,,,
504522,0,574136,26223738,1,,,,,,
544394,0,574136,7013531,1,,,,,,
620995,0,574136,28540346,1,,,,,,
492864,0,574136,31137658,1,,,,,,
461861,1,574136,19785606,1,4,4,3.2779,-167.862,-1.6001,-161.631
493641,1,574136,3919720,1,3,4,-25.4389,-110.034,-1.6001,-161.631
589283,1,574136,31037809,1,2,4,-22.2546,92.83,-1.6001,-161.631
637514,0,574136,3206087,1,,,,,,
489384,1,574136,18331658,1,5,4,24.8776,157.796,-1.6001,-161.631
654612,1,574136,14875349,1,3,4,-25.0292,-111.719,-1.6001,-161.631
489622,0,574136,11060912,1,,,,,,
635850,0,574136,29900717,1,,,,,,
616082,0,574136,20416816,1,,,,,,
550623,0,574136,17213790,1,,,,,,
632603,0,574136,13840590,1,,,,,,
623096,0,574136,27321307,1,,,,,,
509423,0,574136,22723208,1,,,,,,
552326,1,574136,20569453,1,3,4,-25.4037,-111.441,-1.6001,-161.631
544460,1,574136,5381294,1,0,4,35.4087,-38.2717,-1.6001,-161.631
533472,1,574136,19652606,1,0,4,34.9615,-46.5158,-1.6001,-161.631
607455,1,574136,29764826,1,0,4,32.5749,-48.0021,-1.6001,-161.631
486125,1,574136,24600254,1,1,4,-28.4786,-14.9371,-1.6001,-161.631
543451,1,574136,25429724,1,4,4,-2.70489,-169.905,-1.6001,-161.631
644841,0,574136,4707821,1,,,,,,
478645,1,574136,8775984,1,3,4,-25.853,-111.822,-1.6001,-161.631
497954,1,574136,18325645,1,5,4,24.5352,155.046,-1.6001,-161.631
535215,1,574136,27336017,1,3,4,-24.8437,-110.857,-1.6001,-161.631
657071,1,574136,3906772,1,5,4,18.1912,155.983,-1.6001,-161.631
646945,0,574136,10894986,1,,,,,,
543156,0,574136,2786429,1,,,,,,
575522,1,574136,22210279,1,0,4,31.3277,-37.0374,-1.6001,-161.631
590007,0,574136,2075416,1,,,,,,
556384,1,574136,14563089,1,1,4,-27.6099,-16.5009,-1.6001,-161.631
653086,0,574136,19192610,1,,,,,,
630271,1,574136,8856141,1,0,4,36.9547,-33.7749,-1.6001,-161.631
559206,1,574136,7971948,1,0,4,30.9242,-44.3739,-1.6001,-161.631
600388,0,574136,26392338,1,,,,,,
505668,1,574136,17915058,1,3,4,-25.3864,-110.697,-1.6001,-161.631
477681,1,574136,21784586,1,2,4,-24.8989,92.8063,-1.6001,-161.631
482158,1,574136,8655613,1,0,4,35.5444,-42.4691,-1.6001,-161.631
547867,0,574136,6480030,1,,,,,,
577224,1,574136,18756002,1,1,4,-28.7167,-10.7934,-1.6001,-161.631
487074,0,574136,3464679,1,,,,,,
615418,0,574136,1149261,1,,,,,,
599004,0,574136,7978338,1,,,,,,
505246,1,574136,10401633,1,1,4,-28.2182,-12.742,-1.6001,-161.631
585156,0,574136,3824674,1,,,,,,
531750,1,574136,29900754,1,0,4,40.5731,-38.7017,-1.6001,-161.631
557906,0,574136,10371117,1,,,,,,
566219,1,574136,2886191,1,4,4,4.68702,-165.836,-1.6001,-161.631
546645,0,574136,2862003,1,,,,,,
550096,1,574136,30251769,1,0,4,40.6399,-42.8046,-1.6001,-161.631
545369,0,574136,3294442,1,,,,,,
533011,1,574136,24629936,1,0,4,30.0279,-44.5768,-1.6001,-161.631
475693,0,574136,19877143,1,,,,,,
475052,1,574136,22725410,1,0,4,36.3862,-39.8763,-1.6001,-161.631
619328,0,574136,11975269,1,,,,,,
545924,0,574136,4611892,1,,,,,,
646749,0,574136,22471572,1,,,,,,
542309,1,574136,6761098,1,0,4,35.7682,-43.4413,-1.6001,-161.631
532075,0,574136,3375931,1,,,,,,
548665,1,574136,18607332,1,5,4,25.3107,159.317,-1.6001,-161.631
603595,1,574136,14637317,1,4,4,-0.207454,-167.902,-1.6001,-161.631
577660,1,574136,5320815,1,4,4,-0.129468,-162.709,-1.6001,-161.631
496195,1,574136,19867612,1,1,4,-25.5028,-16.9762,-1.6001,-161.631
642688,0,574136,103782,1,,,,,,
628372,1,574136,15209439,1,1,4,-30.0199,-15.0026,-1.6001,-161.631
493874,1,574136,5447934,1,2,4,-19.8368,87.6876,-1.6001,-161.631
463267,1,574136,12371062,1,5,4,22.8376,158.328,-1.6001,-161.631
523400,0,574136,1657990,1,,,,,,
640866,1,574136,5532989,1,1,4,-30.4101,-14.5885,-1.6001,-161.631
510275,0,574136,11924647,1,,,,,,
610443,1,574136,2169742,1,5,4,22.8861,158.262,-1.6001,-161.631
492321,1,574136,12719292,1,5,4,21.931,153.171,-1.6001,-161.631
645487,1,574136,22012419,1,5,4,24.91,159.893,-1.6001,-161.631
583168,1,574136,22268640,1,3,4,-24.6481,-110.804,-1.6001,-161.631
563726,1,574136,17107225,1,4,4,-1.08323,-160.288,-1.6001,-161.631
523034,1,574136,17224616,1,4,4,3.98198,-166.861,-1.6001,-161.631
578992,1,574136,2304538,1,5,4,22.7709,154.55,-1.6001,-161.631
517395,0,574136,21614411,1,,,,,,
496535,0,574136,11680377,1,,,,,,
601706,0,574136,29684171,1,,,,,,
644089,0,574136,11094537,1,,,,,,
479037,0,574136,1825220,1,,,,,,
568760,0,574136,26754041,1,,,,,,
483712,1,574136,17647490,1,3,4,-24.4271,-110.73,-1.6001,-161.631
568259,1,574136,16171111,1,0,4,39.7894,-39.6356,-1.6001,-161.631
641952,0,574136,2172500,1,,,,,,
485033,0,574136,24039389,1,,,,,,
538116,1,574136,23252126,1,4,4,-3.57061,-170.407,-1.6001,-161.631
629356,1,574136,9203769,1,3,4,-24.3908,-110.63,-1.6001,-161.631
540648,0,574136,27917740,1,,,,,,
642539,0,574136,13577042,1,,,,,,
513689,0,574136,16437611,1,,,,,,
618097,1,574136,19275002,1,0,4,42.8069,-36.0052,-1.6001,-161.631
465847,0,574136,27136498,1,,,,,,
541244,1,574136,13136114,1,4,4,-3.22822,-163.194,-1.6001,-161.631
466654,0,574136,24105626,1,,,,,,
495106,0,574136,30940899,1,,,,,,
539028,1,574136,4500659,1,5,4,22.6249,156.863,-1.6001,-161.631
513605,1,574136,6614352,1,0,4,42.4798,-41.5561,-1.6001,-161.631
524407,1,574136,6614352,1,5,4,23.7097,156.947,-1.6001,-161.631
586049,1,574136,13231462,1,4,4,-4.48498,-164.409,-1.6001,-161.631
517175,0,574136,3200435,1,,,,,,
474363,1,574136,13603003,1,3,4,-24.4396,-111.232,-1.6001,-161.631
535583,0,574136,24478259,1,,,,,,
648483,1,574136,12793972,1,4,4,0.405315,-169.889,-1.6001,-161.631
533337,1,574136,14353348,1,2,4,-20.8078,90.1228,-1.6001,-161.631
544145,1,574136,27132547,1,2,4,-18.2949,89.2935,-1.6001,-161.631
578101,1,574136,261417,1,0,4,33.5107,-44.8136,-1.6001,-161.631
486839,1,574136,4504181,1,3,4,-24.0829,-110.784,-1.6001,-161.631
584591,1,574136,9473751,1,2,4,-20.7002,87.9201,-1.6001,-161.631
494251,0,574136,13232489,1,,,,,,
577256,1,574136,30763505,1,5,4,20.7379,155.085,-1.6001,-161.631
590909,0,574136,25243243,1,,,,,,
526304,0,574136,19701554,1,,,,,,
608457,0,574136,15935068,1,,,,,,
550207,1,574136,16385688,1,3,4,-24.6588,-110.438,-1.6001,-161.631
484585,1,574136,10372323,1,5,4,25.5677,156.315,-1.6001,-161.631
575268,0,574136,17243816,1,,,,,,
546293,1,574136,15903390,1,2,4,-18.2953,91.0004,-1.6001,-161.631
545303,1,574136,13240819,1,2,4,-20.6304,95.3742,-1.6001,-161.631
463558,0,574136,17540540,1,,,,,,
517531,1,574136,2770216,1,1,4,-26.0797,-12.4453,-1.6001,-161.631
644746,0,574136,19967618,1,,,,,,
613272,0,574136,2431651,1,,,,,,
613243,0,574136,12972971,1,,,,,,
628223,1,574136,18508828,1,0,4,35.125,-45.8184,-1.6001,-161.631
538119,1,574136,25334653,1,4,4,-1.4162,-162.069,-1.6001,-161.631
537552,0,574136,14985639,1,,,,,,
608829,0,574136,14100019,1,,,,,,
606253,1,574136,11530184,1,2,4,-25.1303,88.2213,-1.6001,-161.631
642255,1,574136,17728018,1,0,4,29.81,-38.5889,-1.6001,-161.631
462642,0,574136,13236369,1,,,,,,
568765,1,574136,8298338,1,0,4,30.781,-33.145,-1.6001,-161.631
633546,1,574136,30849653,1,1,4,-34.1251,-15.0987,-1.6001,-161.631
483019,1,574136,10060652,1,4,4,3.31339,-162.255,-1.6001,-161.631
511542,1,574136,29474694,1,0,4,34.1692,-36.6805,-1.6001,-161.631
638453,1,574136,31291939,1,3,4,-25.6114,-110.925,-1.6001,-161.631
504302,0,574136,26194820,1,,,,,,
461559,0,574136,26443960,1,,,,,,
581796,1,574136,26576335,1,5,4,22.6932,155.15,-1.6001,-161.631
516035,0,574136,17884826,1,,,,,,
559719,0,574136,23973146,1,,,,,,
564496,1,574136,13858739,1,0,4,30.723,-33.4693,-1.6001,-161.631
560136,0,574136,2436523,1,,,,,,
554536,0,574136,23175612,1,,,,,,
503553,0,574136,31129127,1,,,,,,
499789,0,574136,25678102,1,,,,,,
511229,0,574136,25678102,1,,,,,,
552359,1,574136,1141692,1,0,4,35.6631,-46.1099,-1.6001,-161.631
561502,1,574136,1566760,1,2,4,-19.8975,89.7208,-1.6001,-161.631
462840,0,574136,19558775,1,,,,,,
548320,0,574136,7261470,1,,,,,,
476693,1,574136,21616778,1,3,4,-24.8797,-110.506,-1.6001,-161.631
562986,1,574136,12270389,1,0,4,26.9677,-43.6033,-1.6001,-161.631
474494,1,574136,12270389,1,0,4,33.1877,-40.9682,-1.6001,-161.631
471199,1,574136,12318489,1,2,4,-23.929,93.3903,-1.6001,-161.631
462691,1,574136,23304278,1,4,4,3.64592,-161.693,-1.6001,-161.631
547518,0,574136,30105371,1,,,,,,
630484,0,574136,31080266,1,,,,,,
631671,0,574136,1313193,1,,,,,,
627357,0,574136,14006540,1,,,,,,
649765,0,574136,15574801,1,,,,,,
569282,0,574136,9175655,1,,,,,,
552547,1,574136,28350025,1,5,4,21.7233,156.562,-1.6001,-161.631
499988,1,574136,26096192,1,4,4,-4.44471,-167.463,-1.6001,-161.631
531380,0,574136,23196259,1,,,,,,
461565,0,574136,8838759,1,,,,,,
553934,0,574136,10076418,1,,,,,,
458825,1,574136,1307538,1,5,4,27.3487,155.306,-1.6001,-161.631
472737,0,574136,25230982,1,,,,,,
580433,1,574136,8904683,1,0,4,38.2075,-39.0991,-1.6001,-161.631
645436,0,574136,21604256,1,,,,,,
463600,0,574136,26784517,1,,,,,,
579905,1,574136,961837,1,0,4,31.0415,-44.3104,-1.6001,-161.631
476206,1,574136,22991436,1,4,4,-0.500181,-170.175,-1.6001,-161.631
485649,0,574136,12386234,1,,,,,,
532462,0,574136,4032400,1,,,,,,
571984,0,574136,1041642,1,,,,,,
559236,1,574136,30585967,1,0,4,34.8728,-43.0903,-1.6001,-161.631
509274,0,574136,26014322,1,,,,,,
603793,0,574136,15552036,1,,,,,,
593095,0,574136,15552036,1,,,,,,
516515,1,574136,10319915,1,4,4,9.64198,-157.575,-1.6001,-161.631
598372,1,574136,25087728,1,4,4,5.37936,-166.329,-1.6001,-161.631
633599,1,574136,9945007,1,4,4,-4.39402,-170.587,-1.6001,-161.631
597873,1,574136,19738831,1,4,4,-0.944537,-165.273,-1.6001,-161.631
491409,0,574136,8813971,1,,,,,,
650626,1,574136,30071410,1,4,4,4.51324,-168.926,-1.6001,-161.631
485176,0,574136,2878943,1,,,,,,
544133,1,574136,3423643,1,4,4,2.08531,-168.344,-1.6001,-161.631
523599,0,574136,12453313,1,,,,,,
567323,1,574136,14987546,1,4,4,2.32677,-162.109,-1.6001,-161.631
486541,1,574136,14372781,1,0,4,35.6581,-50.4638,-1.6001,-161.631
592618,1,574136,22141481,1,1,4,-27.7523,-10.5659,-1.6001,-161.631
577308,1,574136,27754600,1,0,4,33.6506,-36.3587,-1.6001,-161.631
508077,1,574136,10992276,1,2,4,-20.2647,92.9626,-1.6001,-161.631
630736,0,574136,21189250,1,,,,,,
485064,1,574136,27060859,1,4,4,-2.01786,-169.511,-1.6001,-161.631
486532,1,574136,12799787,1,0,4,36.132,-38.1428,-1.6001,-161.631
611798,1,574136,23866824,1,4,4,-0.534427,-159.539,-1.6001,-161.631
603278,0,574136,8666271,1,,,,,,
508453,0,574136,7007457,1,,,,,,
648640,0,574136,18923456,1,,,,,,
490403,1,574136,10801969,1,1,4,-24.0247,-13.649,-1.6001,-161.631
470867,0,574136,11353543,1,,,,,,
616240,0,574136,11408748,1,,,,,,
491479,0,574136,24625015,1,,,,,,
573115,1,574136,17551215,1,4,4,4.48464,-163.493,-1.6001,-161.631
544037,1,574136,8729723,1,1,4,-27.3002,-10.9876,-1.6001,-161.631
501068,1,574136,14693506,1,0,4,30.8298,-44.3821,-1.6001,-161.631
600569,1,574136,31227148,1,4,4,-1.36929,-167.933,-1.6001,-161.631
613275,0,574136,15328698,1,,,,,,
531443,0,574136,2448082,1,,,,,,
643860,1,574136,2599949,1,4,4,4.04719,-170.263,-1.6001,-161.631
507923,0,574136,18066074,1,,,,,,
524137,0,574136,17568068,1,,,,,,
612734,1,574136,826346,1,0,4,41.3069,-45.3326,-1.6001,-161.631
487240,1,574136,20842954,1,0,4,32.7911,-37.6037,-1.6001,-161.631
494207,0,574136,1315085,1,,,,,,
483545,0,574136,1138032,1,,,,,,
457601,1,574136,6050984,1,0,4,38.5807,-39.305,-1.6001,-161.631
495621,0,574136,4773469,1,,,,,,
476938,1,574136,534046,1,0,4,30.1645,-37.9713,-1.6001,-161.631
616391,1,574136,2531345,1,0,4,39.2093,-36.0639,-1.6001,-161.631
617044,0,574136,9865221,1,,,,,,
509974,0,574136,3816390,1,,,,,,
526243,1,574136,31219276,1,4,4,-1.62056,-167.656,-1.6001,-161.631
558079,0,574136,9198196,1,,,,,,
545741,1,574136,27511706,1,0,4,29.4907,-45.1164,-1.6001,-161.631
487198,1,574136,11251446,1,4,4,-2.40524,-167.091,-1.6001,-161.631
540829,1,574136,4422003,1,4,4,-0.30746,-164.319,-1.6001,-161.631
595139,0,574136,11778140,1,,,,,,
518429,0,574136,1922508,1,,,,,,
475966,0,574136,20749000,1,,,,,,
644424,0,574136,26791243,1,,,,,,
515703,1,574136,23023480,1,5,4,23.0419,152.787,-1.6001,-161.631
495745,1,574136,5480195,1,0,4,38.5292,-36.6472,-1.6001,-161.631
457678,0,574136,2870698,1,,,,,,
577213,1,574136,268963,1,3,4,-24.7213,-110.577,-1.6001,-161.631
629244,1,574136,25324361,1,5,4,20.5626,153.455,-1.6001,-161.631
601085,1,574136,31465801,1,0,4,33.1443,-40.5894,-1.6001,-161.631
514887,0,574136,14091839,1,,,,,,
524281,0,574136,20916985,1,,,,,,
654080,1,574136,25635976,1,4,4,-0.655629,-169.113,-1.6001,-161.631
536178,1,574136,8987328,1,4,4,-6.06652,-157.316,-1.6001,-161.631
536958,0,574136,7674022,1,,,,,,
553427,0,574136,9021331,1,,,,,,
578786,1,574136,2167579,1,0,4,33.2959,-35.7133,-1.6001,-161.631
635200,0,574136,27627620,1,,,,,,
526168,0,574136,5196055,1,,,,,,
633870,1,574136,1644932,1,4,4,4.59454,-162.09,-1.6001,-161.631
513075,0,574136,7610056,1,,,,,,
591843,1,574136,6765634,1,5,4,23.0315,155.735,-1.6001,-161.631
652436,0,574136,13322428,1,,,,,,
590190,1,574136,10906208,1,0,4,36.1799,-45.4259,-1.6001,-161.631
500989,1,574136,24814112,1,1,4,-30.6462,-14.5417,-1.6001,-161.631
540251,0,574136,5542035,1,,,,,,
637235,1,574136,31309830,1,1,4,-25.8283,-11.6123,-1.6001,-161.631
649576,1,574136,31309830,1,5,4,22.8936,157.743,-1.6001,-161.631
629183,0,574136,14689283,1,,,,,,
641189,0,574136,8263863,1,,,,,,
514390,1,574136,24923767,1,0,4,39.5654,-42.0008,-1.6001,-161.631
653897,0,574136,16634183,1,,,,,,
608197,1,574136,29472290,1,2,4,-21.974,89.0027,-1.6001,-161.631
556040,0,574136,15571481,1,,,,,,
508619,1,574136,29409692,1,3,4,-24.8493,-110.499,-1.6001,-161.631
459319,0,574136,3859976,1,,,,,,
625326,1,574136,18130208,1,1,4,-24.7416,-15.5036,-1.6001,-161.631
646652,1,574136,28780618,1,3,4,-24.609,-111.45,-1.6001,-161.631
501833,0,574136,22821173,1,,,,,,
478982,0,574136,27045014,1,,,,,,
526272,1,574136,26014356,1,0,4,32.0324,-39.4793,-1.6001,-161.631
593311,0,574136,2162415,1,,,,,,
571519,1,574136,17163064,1,1,4,-28.7504,-12.2532,-1.6001,-161.631
640111,1,574136,18697407,1,3,4,-25.5048,-111.31,-1.6001,-161.631
587895,1,574136,6146448,1,0,4,36.4812,-42.4499,-1.6001,-161.631
598963,0,574136,5476791,1,,,,,,
636858,0,574136,10606851,1,,,,,,
596700,1,574136,24649415,1,0,4,26.156,-40.8641,-1.6001,-161.631
471759,0,574136,28874421,1,,,,,,
593659,1,574136,24721664,1,2,4,-20.7119,90.9837,-1.6001,-161.631
546418,1,574136,24455708,1,5,4,23.3784,155.497,-1.6001,-161.631
606956,1,574136,22326525,1,2,4,-21.8279,90.6001,-1.6001,-161.631
513273,1,574136,25679204,1,4,4,13.9866,-156.3,-1.6001,-161.631
478044,0,574136,13093482,1,,,,,,
460346,1,574136,19186332,1,2,4,-23.2147,89.8283,-1.6001,-161.631
474655,1,574136,8744917,1,3,4,-24.272,-110.377,-1.6001,-161.631
484789,1,574136,5035734,1,3,4,-24.725,-110.84,-1.6001,-161.631
470408,0,574136,26654884,1,,,,,,
593417,1,574136,19956046,1,0,4,40.0207,-41.1851,-1.6001,-161.631
595342,1,574136,26386579,1,2,4,-23.9989,89.6543,-1.6001,-161.631
600657,1,574136,9510290,1,0,4,35.4698,-35.5099,-1.6001,-161.631
547689,0,574136,8475538,1,,,,,,
552988,5,574136,31536000,4873.72,,,,,,
